排序,圖檔連結,寵物名稱,種族,總檔,體檔,力檔,防檔,敏檔,魔檔,技能欄,體力,力量,強度,速度,魔法,生命,魔力,攻擊,防禦,敏捷,精神,回復,屬性,初期技能
1,https://cdn.jsdelivr.net/gh/Faxey/Cat_Store/props/pet0.gif,虎人,野獸系,100,22,26,17,19,16,8,3~6,4~7,2~5,3~5,2~5,78.8~106.4,69.6~101.2,34.8~42.4,31.2~39.4,28.0~33.3,100.6~102.8,102.9~104.9,,攻擊 防禦
2,https://cdn.jsdelivr.net/gh/Faxey/Cat_Store/props/pet1.gif,貓妖,野獸系,105,19,24,17,28,17,9,3~5,4~6,2~5,4~7,2~5,78.8~106.4,73.8~105.4,34.1~41.8,31.6~39.8,31.5~36.8,100.8~103.0,102.7~104.7,,攻擊 防禦
3,https://cdn.jsdelivr.net/gh/Faxey/Cat_Store/props/pet2.gif,羅剎,野獸系,105,24,25,14,22,20,9,4~6,4~7,2~4,3~6,3~6,82.4~110.0,77.6~109.2,34.5~42.1,29.8~38.0,29.2~34.4,101.0~103.2,103.2~105.1,,攻擊 防禦 強火
4,https://cdn.jsdelivr.net/gh/Faxey/Cat_Store/props/pet3.gif,貓人,野獸系,105,23,27,15,26,14,9,3~6,4~7,2~5,4~7,2~4,83.4~111.0,68.2~99.8,35.6~43.2,30.5~38.7,30.7~36.0,100.0~102.2,103.6~105.5,,攻擊 防禦 陽炎
5,https://cdn.jsdelivr.net/gh/Faxey/Cat_Store/props/pet4.gif,惡魔貓,野獸系,105,21,23,12,27,22,9,3~6,3~6,1~4,4~7,3~6,79.0~106.6,81.4~113.0,33.5~41.2,28.7~36.9,31.0~36.3,101.3~103.5,102.8~104.7,,攻擊 防禦 強石
6,https://cdn.jsdelivr.net/gh/Faxey/Cat_Store/props/pet5.gif,妖狐,野獸系,110,18,30,11,25,26,8,2~5,5~8,1~4,4~7,4~7,76.0~103.6,90.4~122.0,37.2~44.8,28.5~36.7,30.4~35.7,102.0~104.2,102.1~104.1,,攻擊 防禦 吸血攻擊
7,https://cdn.jsdelivr.net/gh/Faxey/Cat_Store/props/pet6.gif,夜行貓人,野獸系,125,24,31,16,40,14,8,4~6,5~8,2~5,7~10,2~4,95.6~123.2,76.0~107.6,38.7~46.3,32.2~40.4,36.6~41.8,99.6~101.8,104.3~106.3,,攻擊 防禦
8,https://cdn.jsdelivr.net/gh/Faxey/Cat_Store/props/pet7.gif,穴熊,野獸系,120,34,34,19,19,14,6,6~8,6~8,3~5,3~5,2~4,102.0~129.6,72.0~103.6,39.6~47.3,33.3~41.5,28.6~33.9,99.5~101.7,105.1~107.1,,攻擊 防禦 崩擊
9,https://cdn.jsdelivr.net/gh/Faxey/Cat_Store/props/pet8.gif,赤熊,野獸系,120,35,36,15,20,14,6,6~9,6~9,2~5,3~6,2~4,102.6~130.2,71.8~103.4,40.5~48.2,31.1~39.3,28.9~34.2,99.2~101.4,105.4~107.4,,攻擊 防禦
10,https://cdn.jsdelivr.net/gh/Faxey/Cat_Store/props/pet9.gif,北極熊,野獸系,120,36,33,22,18,11,6,6~9,5~8,3~6,2~5,1~4,105.4~133.0,66.8~98.4,39.1~46.8,34.9~43.1,28.3~33.5,99.1~101.3,105.5~107.4,,攻擊 防禦 乾坤一擲
11,https://cdn.jsdelivr.net/gh/Faxey/Cat_Store/props/pet10.gif,赤目黑熊,野獸系,120,33,35,14,22,16,6,5~8,6~9,2~4,3~6,2~5,100.0~127.6,75.4~107.0,40.1~47.7,30.6~38.8,29.7~34.9,99.6~101.8,105.1~107.0,,攻擊 防禦 諸刃
12,https://cdn.jsdelivr.net/gh/Faxey/Cat_Store/props/pet11.gif,貓熊,野獸系,125,32,40,18,17,18,7,5~8,7~10,2~5,2~5,2~5,100.2~127.8,80.8~112.4,42.7~50.4,33.0~41.2,28.0~33.3,100.1~102.3,104.6~106.6,,攻擊 防禦
13,https://cdn.jsdelivr.net/gh/Faxey/Cat_Store/props/pet12.gif,大地鼠,野獸系,100,6,13,20,26,35,10,0~3,1~4,3~6,4~7,6~9,57.8~85.4,103.2~134.8,28.5~36.1,32.8~41.0,30.5~35.7,104.9~107.1,99.2~101.2,,攻擊 單石
14,https://cdn.jsdelivr.net/gh/Faxey/Cat_Store/props/pet13.gif,惡夢鼠,野獸系,100,4,8,18,33,37,10,0~2,0~3,2~5,5~8,6~9,56.0~83.6,106.8~138.4,26.1~33.7,31.7~39.9,33.0~38.3,105.2~107.4,99.0~100.9,,攻擊 防禦 單冰
15,https://cdn.jsdelivr.net/gh/Faxey/Cat_Store/props/pet14.gif,火焰鼠,野獸系,100,7,12,15,34,32,10,0~3,1~4,2~5,6~8,5~8,60.2~87.8,98.2~129.8,28.0~35.7,30.1~38.3,33.4~38.7,104.0~106.2,99.9~101.9,,攻擊 防禦 單火
16,https://cdn.jsdelivr.net/gh/Faxey/Cat_Store/props/pet15.gif,寶石鼠,野獸系,100,7,7,22,27,37,10,0~3,0~3,3~6,4~7,6~9,59.2~86.8,106.2~137.8,25.5~33.2,33.8~42.0,30.8~36.0,105.3~107.5,99.1~101.1,,攻擊 防禦 強風
17,https://cdn.jsdelivr.net/gh/Faxey/Cat_Store/props/pet16.gif,水藍鼠,野獸系,115,11,15,28,28,33,10,1~4,2~5,4~7,4~7,5~8,72.2~99.8,105.0~136.6,30.3~37.9,37.9~46.1,31.7~37.0,104.5~106.7,100.1~102.0,,攻擊 防禦
18,https://cdn.jsdelivr.net/gh/Faxey/Cat_Store/props/pet17.gif,鼠王,野獸系,115,15,7,19,32,42,10,2~5,0~3,3~5,5~8,7~10,74.2~101.8,118.6~150.2,26.2~33.8,32.8~41.0,32.9~38.2,105.4~107.6,100.4~102.3,,攻擊 防禦
19,https://cdn.jsdelivr.net/gh/Faxey/Cat_Store/props/pet18.gif,黃金鼠王,野獸系,125,18,8,20,34,45,10,2~5,0~3,3~6,6~8,8~11,81.8~109.4,126.8~158.4,27.1~34.8,33.8~42.0,33.9~39.2,105.7~107.9,100.7~102.7,,攻擊 防禦
20,https://cdn.jsdelivr.net/gh/Faxey/Cat_Store/props/pet19.gif,西瓜大地鼠,野獸系,115,17,17,47,17,17,10,2~5,2~5,8~11,2~5,2~5,84.2~111.8,78.2~109.8,31.4~39.1,48.4~56.6,28.0~33.2,102.5~104.7,101.2~103.2,,攻擊 防禦
21,https://cdn.jsdelivr.net/gh/Faxey/Cat_Store/props/pet20.gif,祭奠火焰鼠,野獸系,115,17,47,17,17,17,10,2~5,8~11,2~5,2~5,2~5,78.2~105.8,78.2~109.8,45.8~53.5,32.2~40.4,28.0~33.2,100.7~102.9,102.4~104.4,,攻擊 防禦
22,https://cdn.jsdelivr.net/gh/Faxey/Cat_Store/props/pet21.gif,兜風寶石鼠,野獸系,115,17,17,17,47,17,10,2~5,2~5,2~5,8~11,2~5,84.2~111.8,78.2~109.8,31.4~39.1,32.2~40.4,38.8~44.0,100.7~102.9,103.0~105.0,,攻擊 防禦
23,https://cdn.jsdelivr.net/gh/Faxey/Cat_Store/props/pet22.gif,浮潛惡夢鼠,野獸系,115,17,17,17,17,47,10,2~5,2~5,2~5,2~5,8~11,72.2~99.8,126.2~157.8,30.8~38.5,31.6~39.8,27.4~32.6,106.1~108.3,100.0~102.0,,攻擊 防禦
24,https://cdn.jsdelivr.net/gh/Faxey/Cat_Store/props/pet23.gif,漂漂水藍鼠,野獸系,120,52,17,17,17,17,10,9~12,2~5,2~5,2~5,2~5,122.2~149.8,73.2~104.8,31.0~38.7,31.8~40.0,27.5~32.7,99.2~101.4,107.4~109.4,,攻擊 防禦
25,https://cdn.jsdelivr.net/gh/Faxey/Cat_Store/props/pet24.gif,聖誕鼠王,野獸系,125,15,6,12,43,49,9,2~5,0~3,1~4,7~10,9~11,77.6~105.2,133.8~165.4,26.1~33.8,29.5~37.7,37.1~42.4,106.0~108.2,100.5~102.5,,攻擊 防禦
26,https://cdn.jsdelivr.net/gh/Faxey/Cat_Store/props/pet25.gif,聖誕水藍鼠,野獸系,124,36,50,12,20,6,8,6~9,9~12,1~4,3~6,0~3,106.4~134.0,60.4~92.0,47.6~55.3,29.9~38.1,29.2~34.5,97.5~99.7,106.4~108.4,,攻擊 防禦
27,https://cdn.jsdelivr.net/gh/Faxey/Cat_Store/props/pet26.gif,糖果大地鼠,野獸系,123,10,32,10,26,45,8,1~4,5~8,1~4,4~7,8~11,67.8~95.4,127.6~159.2,38.7~46.3,28.5~36.7,31.1~36.4,105.4~107.6,99.8~101.8,,攻擊 防禦
28,https://cdn.jsdelivr.net/gh/Faxey/Cat_Store/props/pet27.gif,聖誕火焰鼠,野獸系,123,37,10,10,19,47,8,6~9,1~4,1~4,3~5,8~11,98.4~126.0,125.4~157.0,27.5~35.2,27.9~36.1,28.0~33.3,104.7~106.9,103.3~105.3,,攻擊 防禦
29,https://cdn.jsdelivr.net/gh/Faxey/Cat_Store/props/pet28.gif,聖誕寶石鼠,野獸系,123,10,14,12,40,47,8,1~4,2~4,1~4,7~10,8~11,70.6~98.2,130.8~162.4,30.0~37.7,29.5~37.7,36.1~41.4,105.9~108.1,99.9~101.8,,攻擊 防禦
30,https://cdn.jsdelivr.net/gh/Faxey/Cat_Store/props/pet29.gif,地獄看門犬,野獸系,115,26,36,12,23,18,7,4~7,6~9,1~4,3~6,2~5,89.0~116.6,78.0~109.6,40.3~48.0,29.3~37.5,29.9~35.2,100.2~102.4,103.9~105.9,,攻擊 防禦 連擊
31,https://cdn.jsdelivr.net/gh/Faxey/Cat_Store/props/pet30.gif,巨狼,野獸系,115,22,37,11,25,20,7,3~6,6~9,1~4,4~7,3~6,84.0~111.6,82.0~113.6,40.9~48.5,28.8~37.0,30.7~36.0,100.7~102.9,103.3~105.2,,攻擊 防禦
32,https://cdn.jsdelivr.net/gh/Faxey/Cat_Store/props/pet31.gif,地獄獵犬,野獸系,115,24,35,19,22,15,7,4~6,6~9,3~5,3~6,2~5,88.4~116.0,73.6~105.2,40.0~47.6,33.2~41.4,29.7~34.9,100.2~102.4,103.6~105.5,,攻擊 防禦
33,https://cdn.jsdelivr.net/gh/Faxey/Cat_Store/props/pet32.gif,地獄妖犬,野獸系,115,23,40,13,21,18,7,3~6,7~10,1~4,3~6,2~5,85.2~112.8,78.6~110.2,42.3~50.0,29.9~38.1,29.3~34.5,100.4~102.6,103.4~105.4,,攻擊 防禦 諸刃
34,https://cdn.jsdelivr.net/gh/Faxey/Cat_Store/props/pet33.gif,雷獸,野獸系,125,16,40,8,43,18,8,2~5,7~10,0~3,7~10,2~5,84.2~111.8,84.0~115.6,43.1~50.7,27.9~36.1,37.7~43.0,100.2~102.4,103.3~105.2,,攻擊 防禦
35,https://cdn.jsdelivr.net/gh/Faxey/Cat_Store/props/pet34.gif,地底龜,野獸系,110,22,22,37,10,19,8,3~6,3~6,6~9,1~4,3~5,84.4~112.0,78.4~110.0,33.4~41.0,42.6~50.8,25.1~30.4,102.2~104.4,101.9~103.9,,攻擊 防禦
36,https://cdn.jsdelivr.net/gh/Faxey/Cat_Store/props/pet35.gif,海底龜,野獸系,110,23,20,45,4,18,8,3~6,3~6,8~11,0~2,2~5,86.2~113.8,76.6~108.2,32.4~40.1,46.9~55.1,22.9~28.2,102.4~104.6,101.7~103.7,,攻擊 防禦
37,https://cdn.jsdelivr.net/gh/Faxey/Cat_Store/props/pet36.gif,火焰龜,野獸系,110,27,17,42,7,17,8,4~7,2~5,7~10,0~3,2~5,91.2~118.8,74.2~105.8,30.9~38.6,45.2~53.4,24.0~29.2,101.9~104.1,102.5~104.5,,攻擊 防禦
38,https://cdn.jsdelivr.net/gh/Faxey/Cat_Store/props/pet37.gif,硬殼龜,野獸系,110,26,16,47,5,16,8,4~7,2~5,8~11,0~3,2~5,90.8~118.4,72.8~104.4,30.5~38.1,47.9~56.1,23.3~28.6,102.1~104.3,102.2~104.2,,攻擊 防禦
39,https://cdn.jsdelivr.net/gh/Faxey/Cat_Store/props/pet38.gif,萬年龜,野獸系,124,22,21,39,4,38,8,3~6,3~6,7~9,0~2,6~9,85.4~113.0,114.4~146.0,33.4~41.0,44.1~52.3,23.1~28.4,105.4~107.6,100.5~102.4,,攻擊 防禦
40,https://cdn.jsdelivr.net/gh/Faxey/Cat_Store/props/pet39.gif,山飛甲,野獸系,120,27,21,15,30,27,6,4~7,3~6,2~5,5~8,4~7,92.4~120.0,94.2~125.8,33.2~40.9,31.0~39.2,32.4~37.7,101.9~104.1,103.5~105.4,,攻擊 防禦
41,https://cdn.jsdelivr.net/gh/Faxey/Cat_Store/props/pet40.gif,獨角獸,野獸系,120,17,25,13,28,37,6,2~5,4~7,1~4,4~7,6~9,77.6~105.2,112.2~143.8,35.2~42.8,29.9~38.1,31.7~37.0,104.0~106.2,101.3~103.3,,攻擊 防禦
42,https://cdn.jsdelivr.net/gh/Faxey/Cat_Store/props/pet41.gif,天馬,野獸系,120,22,22,12,32,32,6,3~6,3~6,1~4,5~8,5~8,85.2~112.8,103.2~134.8,33.7~41.4,29.4~37.6,33.2~38.4,102.8~105.0,102.5~104.5,,攻擊 防禦
43,https://cdn.jsdelivr.net/gh/Faxey/Cat_Store/props/pet42.gif,麒麟,野獸系,120,19,27,10,34,30,6,3~5,4~7,1~4,6~8,5~8,82.0~109.6,100.6~132.2,36.2~43.9,28.4~36.6,34.0~39.3,102.4~104.6,102.4~104.3,,攻擊 防禦
44,https://cdn.jsdelivr.net/gh/Faxey/Cat_Store/props/pet43.gif,紫翎,野獸系,124,20,6,13,45,40,8,3~6,0~3,1~4,8~11,7~10,85.6~113.2,118.0~149.6,26.2~33.8,30.1~38.3,37.9~43.2,104.3~106.5,101.9~103.9,,攻擊、防禦
45,https://cdn.jsdelivr.net/gh/Faxey/Cat_Store/props/pet44.gif,月仙兔,野獸系,124,45,33,13,25,8,8,8~11,5~8,1~4,4~7,0~3,118.0~145.6,61.8~93.4,39.3~46.9,30.2~38.4,30.8~36.1,97.5~99.7,107.6~109.5,,攻擊、防禦
46,https://cdn.jsdelivr.net/gh/Faxey/Cat_Store/props/pet45.gif,月夜兔,野獸系,124,25,34,9,45,11,8,4~7,6~8,1~3,8~11,1~4,96.6~124.2,70.6~102.2,40.1~47.7,28.4~36.6,38.4~43.6,98.6~100.8,105.1~107.0,,攻擊、防禦
47,https://cdn.jsdelivr.net/gh/Faxey/Cat_Store/props/pet46.gif,月地兔,野獸系,123,22,43,22,22,14,8,3~6,7~10,3~6,3~6,2~4,90.0~117.6,75.6~107.2,44.3~52.0,35.3~43.5,30.0~35.3,100.1~102.3,103.4~105.4,,攻擊、防禦
48,https://cdn.jsdelivr.net/gh/Faxey/Cat_Store/props/pet47.gif,月冰兔,野獸系,123,22,22,43,14,22,8,3~6,3~6,7~10,2~4,3~6,91.0~118.6,88.4~120.0,34.1~41.8,46.5~54.7,27.0~32.3,102.8~105.0,101.8~103.7,,攻擊、防禦
49,https://cdn.jsdelivr.net/gh/Faxey/Cat_Store/props/pet48.gif,月火兔,野獸系,123,22,22,14,43,22,8,3~6,3~6,2~4,7~10,3~6,91.0~118.6,88.4~120.0,34.1~41.8,30.9~39.1,37.4~42.7,101.1~103.3,103.5~105.5,,攻擊、防禦
50,https://cdn.jsdelivr.net/gh/Faxey/Cat_Store/props/pet49.gif,月風兔,野獸系,123,22,14,22,22,43,8,3~6,2~4,3~6,3~6,7~10,84.2~111.8,122.0~153.6,29.8~37.5,34.8~43.0,29.5~34.7,105.3~107.5,101.1~103.1,,攻擊、防禦
51,https://cdn.jsdelivr.net/gh/Faxey/Cat_Store/props/pet50.png,聖誕小熊,野獸系,120,24,24,24,24,24,7,4~6,4~6,4~6,4~6,4~6,90.0~117.6,90.0~121.6,34.8~42.5,36.0~44.2,30.4~35.7,102.0~104.2,102.8~104.8,,攻擊、防禦
52,https://cdn.jsdelivr.net/gh/Faxey/Cat_Store/props/pet51.png,淘氣小熊,野獸系,120,24,24,24,24,24,7,4~6,4~6,4~6,4~6,4~6,90.0~117.6,90.0~121.6,34.8~42.5,36.0~44.2,30.4~35.7,102.0~104.2,102.8~104.8,,攻擊、防禦
53,https://cdn.jsdelivr.net/gh/Faxey/Cat_Store/props/pet52.png,可愛小熊,野獸系,120,24,24,24,24,24,7,4~6,4~6,4~6,4~6,4~6,90.0~117.6,90.0~121.6,34.8~42.5,36.0~44.2,30.4~35.7,102.0~104.2,102.8~104.8,,攻擊、防禦
54,https://cdn.jsdelivr.net/gh/Faxey/Cat_Store/props/pet53.png,搗蛋小熊,野獸系,120,24,24,24,24,24,7,4~6,4~6,4~6,4~6,4~6,90.0~117.6,90.0~121.6,34.8~42.5,36.0~44.2,30.4~35.7,102.0~104.2,102.8~104.8,,攻擊、防禦
55,https://cdn.jsdelivr.net/gh/Faxey/Cat_Store/props/pet54.gif,聖誕麋鹿,野獸系,123,38,35,25,15,10,8,6~9,6~9,4~7,2~5,1~4,109.2~136.8,66.0~97.6,40.3~47.9,36.7~44.9,27.3~32.6,98.9~101.1,105.7~107.7,,攻擊 防禦
56,https://cdn.jsdelivr.net/gh/Faxey/Cat_Store/props/pet55.gif,聖誕馴鹿,野獸系,123,38,25,35,15,10,8,6~9,4~7,6~9,2~5,1~4,111.2~138.8,66.0~97.6,35.5~43.1,42.1~50.3,27.3~32.6,99.5~101.7,105.3~107.3,,攻擊 防禦
57,https://cdn.jsdelivr.net/gh/Faxey/Cat_Store/props/pet56.gif,聖誕林鹿,野獸系,123,25,38,35,15,10,8,4~7,6~9,6~9,2~5,1~4,95.6~123.2,68.6~100.2,42.0~49.6,42.4~50.6,27.5~32.8,100.0~102.2,103.5~105.5,,攻擊 防禦
58,https://cdn.jsdelivr.net/gh/Faxey/Cat_Store/props/pet57.gif,聖誕梅花鹿,野獸系,123,35,38,25,15,10,8,6~9,6~9,4~7,2~5,1~4,105.6~133.2,66.6~98.2,41.8~49.4,36.8~45.0,27.3~32.6,99.0~101.2,105.3~107.3,,攻擊 防禦
59,https://cdn.jsdelivr.net/gh/Faxey/Cat_Store/props/pet58.gif,喜慶虎寶寶,野獸系,123,18,10,19,35,41,8,2~5,1~4,3~5,6~9,7~10,81.8~109.4,119.6~151.2,28.0~35.7,33.3~41.5,34.3~39.5,104.9~107.1,101.1~103.0,,攻擊 防禦
60,https://cdn.jsdelivr.net/gh/Faxey/Cat_Store/props/pet59.gif,歡樂虎寶寶,野獸系,123,24,10,35,12,42,8,4~6,1~4,6~9,1~4,7~10,87.4~115.0,120.0~151.6,27.9~35.6,41.8~50.0,25.8~31.1,105.8~108.0,100.7~102.7,,攻擊 防禦
61,https://cdn.jsdelivr.net/gh/Faxey/Cat_Store/props/pet60.gif,招財虎寶寶,野獸系,123,13,10,27,32,41,8,1~4,1~4,4~7,5~8,7~10,76.8~104.4,120.6~152.2,28.1~35.8,37.7~45.9,33.3~38.6,105.6~107.8,100.0~102.0,,攻擊 防禦
62,https://cdn.jsdelivr.net/gh/Faxey/Cat_Store/props/pet61.gif,幸福虎寶寶,野獸系,123,11,41,11,19,41,8,1~4,7~10,1~4,3~5,7~10,68.6~96.2,121.0~152.6,43.1~50.7,29.1~37.3,28.6~33.9,104.7~106.9,100.1~102.1,,攻擊 防禦
63,https://cdn.jsdelivr.net/gh/Faxey/Cat_Store/props/pet62.gif,純金豬王,野獸系,125,48,33,23,15,6,8,8~11,5~8,3~6,2~5,0~3,122.4~150.0,58.4~90.0,39.3~47.0,35.6~43.8,27.2~32.5,97.6~99.8,107.6~109.5,,攻擊 防禦
64,https://cdn.jsdelivr.net/gh/Faxey/Cat_Store/props/pet63.gif,粉心王妃,野獸系,124,30,6,31,14,43,8,5~8,0~3,5~8,2~4,7~10,94.4~122.0,120.8~152.4,25.9~33.6,39.5~47.7,26.5~31.7,105.5~107.7,101.7~103.7,,攻擊 防禦
65,https://cdn.jsdelivr.net/gh/Faxey/Cat_Store/props/pet64.gif,呆萌豬王,野獸系,124,30,45,15,28,6,8,5~8,8~11,2~5,4~7,0~3,101.4~129.0,61.6~93.2,45.4~53.0,31.6~39.8,32.2~37.5,97.9~100.1,105.6~107.6,,攻擊 防禦
66,https://cdn.jsdelivr.net/gh/Faxey/Cat_Store/props/pet65.gif,白眉豬王,野獸系,124,31,6,16,28,43,8,5~8,0~3,2~5,4~7,7~10,95.4~123.0,120.6~152.2,25.9~33.5,31.4~39.6,31.5~36.8,104.6~106.8,102.7~104.7,,攻擊 防禦
67,https://cdn.jsdelivr.net/gh/Faxey/Cat_Store/props/pet66.gif,銀豬太郎,野獸系,123,37,34,31,13,8,8,6~9,6~8,5~8,1~4,0~3,109.2~136.8,63.0~94.6,39.8~47.5,40.0~48.2,26.6~31.9,99.0~101.2,105.5~107.4,,攻擊 防禦
68,https://cdn.jsdelivr.net/gh/Faxey/Cat_Store/props/pet67.gif,粉豬太郎,野獸系,122,30,8,31,13,40,8,5~8,0~3,5~8,1~4,7~10,94.0~121.6,115.2~146.8,26.8~34.5,39.5~47.7,26.1~31.4,105.0~107.2,101.9~103.9,,攻擊 防禦
69,https://cdn.jsdelivr.net/gh/Faxey/Cat_Store/props/pet68.gif,棕豬太郎,野獸系,122,33,36,16,29,8,8,5~8,6~9,2~5,5~7,0~3,104.2~131.8,63.4~95.0,40.8~48.5,31.9~40.1,32.4~37.7,98.2~100.4,105.8~107.8,,攻擊 防禦
70,https://cdn.jsdelivr.net/gh/Faxey/Cat_Store/props/pet69.gif,灰豬太郎,野獸系,122,32,8,17,24,41,8,5~8,0~3,2~5,4~6,7~10,95.6~123.2,116.4~148.0,26.7~34.4,31.8~40.0,30.0~35.3,104.3~106.5,102.9~104.8,,攻擊 防禦
71,https://cdn.jsdelivr.net/gh/Faxey/Cat_Store/props/pet70.gif,銅豬寶寶,野獸系,121,35,31,34,11,10,7,6~9,5~8,6~8,1~4,1~4,105.8~133.4,65.8~97.4,38.3~45.9,41.5~49.7,25.8~31.1,99.6~101.8,104.8~106.8,,攻擊 防禦
72,https://cdn.jsdelivr.net/gh/Faxey/Cat_Store/props/pet71.gif,斑點豬寶寶,野獸系,121,24,10,36,11,40,7,4~6,1~4,6~9,1~4,7~10,87.0~114.6,116.0~147.6,27.8~35.5,42.2~50.4,25.4~30.7,105.6~107.8,100.8~102.8,,攻擊 防禦
73,https://cdn.jsdelivr.net/gh/Faxey/Cat_Store/props/pet72.gif,刺豬寶寶,野獸系,121,32,37,12,30,10,7,5~8,6~9,1~4,5~8,1~4,101.6~129.2,66.4~98.0,41.2~48.9,29.7~37.9,32.7~38.0,98.4~100.6,105.7~107.6,,攻擊 防禦
74,https://cdn.jsdelivr.net/gh/Faxey/Cat_Store/props/pet73.gif,白紋豬寶寶,野獸系,121,32,10,17,22,40,7,5~8,1~4,2~5,3~6,7~10,95.0~122.6,114.4~146.0,27.7~35.3,31.8~40.0,29.2~34.5,104.1~106.3,102.9~104.9,,攻擊 防禦
75,https://cdn.jsdelivr.net/gh/Faxey/Cat_Store/props/pet74.gif,殭屍,不死系,105,37,32,12,12,12,9,6~9,5~8,1~4,1~4,1~4,97.2~124.8,62.2~93.8,37.7~45.4,28.6~36.8,25.5~30.7,98.9~101.1,105.5~107.5,,攻擊 諸刃
76,https://cdn.jsdelivr.net/gh/Faxey/Cat_Store/props/pet75.gif,喪屍,不死系,105,35,34,7,15,14,9,6~9,6~8,0~3,2~5,2~4,94.0~121.6,65.8~97.4,38.7~46.3,25.9~34.1,26.5~31.8,99.0~101.2,105.3~107.3,,攻擊 防禦
77,https://cdn.jsdelivr.net/gh/Faxey/Cat_Store/props/pet76.gif,食屍鬼,不死系,105,32,32,17,7,17,9,5~8,5~8,2~5,0~3,2~5,90.2~117.8,71.2~102.8,37.7~45.4,31.3~39.5,23.7~28.9,100.3~102.5,104.1~106.1,,攻擊 防禦 戰慄
78,https://cdn.jsdelivr.net/gh/Faxey/Cat_Store/props/pet77.gif,腐屍,不死系,105,42,37,12,7,7,9,7~10,6~9,1~4,0~3,0~3,103.2~130.8,53.2~84.8,40.1~47.8,28.6~36.8,23.7~28.9,97.8~100.0,106.5~108.5,,攻擊 防禦 酒醉攻擊
79,https://cdn.jsdelivr.net/gh/Faxey/Cat_Store/props/pet78.gif,木乃伊,不死系,110,39,32,14,8,17,8,7~9,5~8,2~4,0~3,2~5,100.2~127.8,71.8~103.4,37.9~45.5,29.8~38.0,24.1~29.4,99.7~101.9,105.3~107.3,,攻擊 防禦 酒醉攻擊
80,https://cdn.jsdelivr.net/gh/Faxey/Cat_Store/props/pet79.gif,改造殭屍,不死系,125,41,36,16,16,16,9,7~10,6~9,2~5,2~5,2~5,110.8~138.4,75.8~107.4,40.7~48.3,31.8~40.0,27.5~32.8,99.3~101.5,106.1~108.0,,攻擊 防禦
81,https://cdn.jsdelivr.net/gh/Faxey/Cat_Store/props/pet80.gif,幽靈,不死系,115,19,18,31,20,27,7,3~5,2~5,5~8,3~6,4~7,82.0~109.6,93.8~125.4,31.7~39.3,39.5~47.7,28.8~34.1,103.3~105.5,101.4~103.4,,攻擊 防禦 崩擊
82,https://cdn.jsdelivr.net/gh/Faxey/Cat_Store/props/pet81.gif,鬼靈,不死系,115,9,21,27,25,33,7,1~3,3~6,4~7,4~7,5~8,69.0~96.6,105.4~137.0,33.2~40.8,37.4~45.6,30.7~36.0,104.5~106.7,99.8~101.7,,攻擊 防禦
83,https://cdn.jsdelivr.net/gh/Faxey/Cat_Store/props/pet82.gif,亡靈,不死系,115,14,27,30,15,29,7,2~4,4~7,5~8,2~5,5~7,74.4~102.0,98.0~129.6,36.0~43.7,39.0~47.2,27.1~32.3,103.8~106.0,100.5~102.4,,攻擊 防禦 強風
84,https://cdn.jsdelivr.net/gh/Faxey/Cat_Store/props/pet83.gif,死靈,不死系,115,10,28,32,17,28,7,1~4,4~7,5~8,2~5,4~7,70.6~98.2,97.2~128.8,36.6~44.3,40.2~48.4,27.9~33.2,103.9~106.1,100.0~101.9,,攻擊 防禦 強石
85,https://cdn.jsdelivr.net/gh/Faxey/Cat_Store/props/pet84.gif,骷髏戰士,不死系,110,12,27,42,12,17,8,1~4,4~7,7~10,1~4,2~5,74.2~101.8,77.2~108.8,36.0~43.7,45.5~53.7,26.1~31.3,102.5~104.7,100.5~102.5,,攻擊 防禦
86,https://cdn.jsdelivr.net/gh/Faxey/Cat_Store/props/pet85.gif,血骷髏,不死系,110,13,24,41,10,22,8,1~4,4~6,7~10,1~4,3~6,73.8~101.4,85.0~116.6,34.5~42.1,44.8~53.0,25.2~30.5,103.3~105.5,100.3~102.2,,攻擊 防禦 戰慄襲心
87,https://cdn.jsdelivr.net/gh/Faxey/Cat_Store/props/pet86.gif,地獄骷髏,不死系,110,14,30,40,11,15,8,2~4,5~8,7~10,1~4,2~5,76.4~104.0,73.6~105.2,37.5~45.1,44.4~52.6,25.7~31.0,101.9~104.1,101.0~103.0,,攻擊 防禦 乾坤一擲
88,https://cdn.jsdelivr.net/gh/Faxey/Cat_Store/props/pet87.gif,武裝骷髏,不死系,110,9,26,47,8,20,8,1~3,4~7,8~11,0~3,3~6,70.2~97.8,82.6~114.2,35.5~43.2,48.2~56.4,24.6~29.9,103.5~105.7,99.6~101.5,,攻擊 防禦
89,https://cdn.jsdelivr.net/gh/Faxey/Cat_Store/props/pet88.gif,骷髏海盜,不死系,115,12,29,45,13,16,8,1~4,5~7,8~11,1~4,2~5,77.2~104.8,77.6~109.2,37.3~45.0,47.4~55.6,26.6~31.9,102.4~104.6,100.6~102.6,,攻擊 防禦
90,https://cdn.jsdelivr.net/gh/Faxey/Cat_Store/props/pet89.gif,深淵武裝骷髏,不死系,120,18,23,43,8,28,7,2~5,3~6,7~10,0~3,4~7,82.6~110.2,97.6~129.2,34.4~42.0,46.3~54.5,24.7~30.0,104.1~106.3,100.6~102.5,,攻擊 防禦
91,https://cdn.jsdelivr.net/gh/Faxey/Cat_Store/props/pet90.gif,鐮刀魔,不死系,125,23,35,18,17,32,6,3~6,6~9,2~5,2~5,5~8,86.6~114.2,105.0~136.6,40.2~47.9,32.9~41.1,27.9~33.2,103.0~105.2,102.2~104.2,,攻擊 防禦
92,https://cdn.jsdelivr.net/gh/Faxey/Cat_Store/props/pet91.gif,暗黑僧侶,不死系,125,17,37,22,12,37,6,2~5,6~9,3~6,1~4,6~9,78.2~105.8,114.2~145.8,41.2~48.9,35.1~43.3,26.2~31.4,104.4~106.6,100.7~102.7,,攻擊 防禦
93,https://cdn.jsdelivr.net/gh/Faxey/Cat_Store/props/pet92.gif,斬首者,不死系,125,19,42,20,15,29,6,3~5,7~10,3~6,2~5,5~7,82.4~110.0,101.0~132.6,43.7~51.4,34.1~42.3,27.4~32.6,102.8~105.0,101.8~103.7,,攻擊 防禦
94,https://cdn.jsdelivr.net/gh/Faxey/Cat_Store/props/pet93.gif,冥界死神,不死系,125,25,40,12,21,27,6,4~7,7~10,1~4,3~6,4~7,89.6~117.2,96.6~128.2,42.7~50.4,29.7~37.9,29.4~34.7,101.7~103.9,103.2~105.2,,攻擊 防禦
95,https://cdn.jsdelivr.net/gh/Faxey/Cat_Store/props/pet94.gif,牙骨,不死系,110,27,32,32,12,7,8,4~7,5~8,5~8,1~4,0~3,92.2~119.8,58.2~89.8,38.3~46.0,40.0~48.2,26.0~31.2,99.5~101.7,103.8~105.8,,
96,https://cdn.jsdelivr.net/gh/Faxey/Cat_Store/props/pet95.gif,顎牙,不死系,110,32,29,37,7,5,8,5~8,5~7,6~9,0~3,0~3,98.6~126.2,54.0~85.6,36.8~44.5,42.6~50.8,24.1~29.4,99.2~101.4,104.4~106.3,,戰慄襲心 酒醉攻擊
97,https://cdn.jsdelivr.net/gh/Faxey/Cat_Store/props/pet96.gif,巨牙,不死系,110,25,30,27,17,11,8,4~7,5~8,4~7,2~5,1~4,89.0~116.6,65.0~96.6,37.3~45.0,37.3~45.5,27.7~33.0,100.0~102.2,103.5~105.5,,攻擊 防禦
98,https://cdn.jsdelivr.net/gh/Faxey/Cat_Store/props/pet97.gif,利牙,不死系,110,30,37,30,9,4,8,5~8,6~9,5~8,1~3,0~2,95.4~123.0,52.8~84.4,40.7~48.4,38.9~47.1,24.9~30.2,98.7~100.9,104.5~106.5,,攻擊 乾坤一擊 吸血攻擊
99,https://cdn.jsdelivr.net/gh/Faxey/Cat_Store/props/pet98.gif,小石像怪,飛行系,105,16,21,11,31,26,9,2~5,3~6,1~4,5~8,4~7,72.8~100.4,88.8~120.4,32.6~40.2,28.2~36.4,32.4~37.7,102.2~104.4,101.9~103.8,,攻擊 防禦
100,https://cdn.jsdelivr.net/gh/Faxey/Cat_Store/props/pet99.gif,使魔,飛行系,110,21,20,15,27,27,9,5~9,4~9,3~7,6~11,6~11,110.9~162.3,127.1~182.5,38.4~51.3,35.8~49.6,36.6~45.5,103.5~106.4,103.5~106.5,,攻擊 防禦
101,https://cdn.jsdelivr.net/gh/Faxey/Cat_Store/props/pet100.gif,水藍鳥魔,飛行系,105,22,23,10,25,25,9,3~6,3~6,1~4,4~7,4~7,78.8~106.4,86.0~117.6,33.4~41.1,27.6~35.8,30.2~35.5,101.7~103.9,102.7~104.7,,攻擊 防禦 戰慄襲心
102,https://cdn.jsdelivr.net/gh/Faxey/Cat_Store/props/pet101.gif,小惡魔,飛行系,105,21,20,9,25,30,9,3~6,3~6,1~3,4~7,5~8,76.4~104.0,94.2~125.8,31.9~39.6,26.9~35.1,30.1~35.4,102.6~104.8,102.2~104.2,,攻擊 防禦 遺忘攻擊
103,https://cdn.jsdelivr.net/gh/Faxey/Cat_Store/props/pet102.gif,迷你石像怪,飛行系,105,23,19,10,24,29,9,3~6,3~5,1~4,4~6,5~7,79.0~106.6,92.2~123.8,31.4~39.1,27.5~35.7,29.7~35.0,102.4~104.6,102.5~104.5,,攻擊 魔防
104,https://cdn.jsdelivr.net/gh/Faxey/Cat_Store/props/pet103.gif,丘比特,飛行系,115,12,22,7,37,37,9,1~4,3~6,0~3,6~9,6~9,70.2~97.8,111.2~142.8,33.5~41.2,26.5~34.7,34.9~40.1,103.9~106.1,100.9~102.9,,攻擊 防禦
105,https://cdn.jsdelivr.net/gh/Faxey/Cat_Store/props/pet103.gif,愛神丘比特,飛行系,125,16,12,15,40,42,8,2~5,1~4,2~5,7~10,7~10,80.2~107.8,122.4~154.0,29.1~36.8,31.2~39.4,36.2~41.4,104.9~107.1,101.0~103.0,,攻擊 防禦
106,https://cdn.jsdelivr.net/gh/Faxey/Cat_Store/props/pet104.gif,石像怪,飛行系,120,14,30,32,22,22,6,2~4,5~8,5~8,3~6,3~6,79.6~107.2,88.8~120.4,37.9~45.6,40.6~48.8,29.9~35.2,102.5~104.7,101.2~103.2,,攻擊 防禦
107,https://cdn.jsdelivr.net/gh/Faxey/Cat_Store/props/pet105.gif,血魔,飛行系,120,13,31,26,25,25,6,1~4,5~8,4~7,4~7,4~7,77.2~104.8,93.8~125.4,38.4~46.0,37.3~45.5,31.0~36.2,102.7~104.9,101.1~103.1,,攻擊 防禦
108,https://cdn.jsdelivr.net/gh/Faxey/Cat_Store/props/pet106.gif,墮天使,飛行系,120,11,28,28,27,26,6,1~4,4~7,4~7,4~7,4~7,75.4~103.0,95.8~127.4,36.9~44.6,38.4~46.6,31.7~37.0,103.1~105.3,100.7~102.7,,攻擊 防禦
109,https://cdn.jsdelivr.net/gh/Faxey/Cat_Store/props/pet107.gif,惡魔,飛行系,120,10,27,26,26,31,6,1~4,4~7,4~7,4~7,5~8,72.6~100.2,104.0~135.6,36.4~44.0,37.2~45.4,31.3~36.5,103.9~106.1,100.2~102.2,,攻擊 防禦
110,https://cdn.jsdelivr.net/gh/Faxey/Cat_Store/props/pet108.gif,石像魔王,飛行系,125,12,36,13,18,46,8,1~4,6~9,1~4,2~5,8~11,69.8~97.4,129.6~161.2,40.7~48.3,30.2~38.4,28.2~33.5,105.7~107.9,99.8~101.7,,攻擊 防禦
111,https://cdn.jsdelivr.net/gh/Faxey/Cat_Store/props/pet109.gif,小蝙蝠,飛行系,105,11,26,16,31,21,10,2~6,6~10,3~7,8~12,5~9,93.2~144.6,112.7~168.1,42.8~55.6,36.7~50.5,39.0~47.9,102.7~105.6,102.1~105.0,,攻擊 防禦
112,https://cdn.jsdelivr.net/gh/Faxey/Cat_Store/props/pet110.gif,掃把蝙蝠,飛行系,100,13,28,12,29,18,10,1~4,4~7,1~4,5~7,2~5,68.6~96.2,74.6~106.2,35.9~43.5,28.7~36.9,31.7~37.0,101.0~103.2,101.9~103.9,,攻擊 防禦 戰慄襲心
113,https://cdn.jsdelivr.net/gh/Faxey/Cat_Store/props/pet111.gif,迷你蝙蝠,飛行系,100,11,26,20,27,16,10,1~4,4~7,3~6,4~7,2~5,67.8~95.4,71.8~103.4,35.0~42.6,33.1~41.3,31.1~36.4,101.2~103.4,101.4~103.4,,攻擊 防禦
114,https://cdn.jsdelivr.net/gh/Faxey/Cat_Store/props/pet112.gif,水果蝙蝠,飛行系,100,17,25,15,26,17,10,2~5,4~7,2~5,4~7,2~5,73.6~101.2,72.2~103.8,34.4~42.0,30.2~38.4,30.6~35.9,100.9~103.1,102.4~104.3,,攻擊 防禦
115,https://cdn.jsdelivr.net/gh/Faxey/Cat_Store/props/pet113.gif,惡魔蝙蝠,飛行系,110,13,34,10,29,24,10,1~4,6~8,1~4,5~7,4~6,71.0~98.6,88.2~119.8,39.2~46.9,28.1~36.3,32.0~37.3,101.8~104.0,101.7~103.7,,攻擊 防禦
116,https://cdn.jsdelivr.net/gh/Faxey/Cat_Store/props/pet114.gif,天使蝙蝠,飛行系,110,9,22,12,37,30,10,1~3,3~6,1~4,6~9,5~8,67.0~94.6,98.6~130.2,33.4~41.1,29.1~37.3,34.9~40.1,103.2~105.4,100.8~102.7,,攻擊 防禦
117,https://cdn.jsdelivr.net/gh/Faxey/Cat_Store/props/pet115.gif,改造掃把蝙蝠,飛行系,125,6,44,6,33,36,9,0~3,8~10,0~3,5~8,6~9,66.2~93.8,114.8~146.4,44.8~52.5,26.7~34.9,34.0~39.2,103.7~105.9,100.3~102.3,,攻擊 防禦
118,https://cdn.jsdelivr.net/gh/Faxey/Cat_Store/props/pet116.gif,大蝙蝠,飛行系,115,23,28,23,28,13,7,3~6,4~7,3~6,4~7,1~4,89.6~117.2,70.6~102.2,36.7~44.3,35.4~43.6,31.9~37.2,100.1~102.3,103.6~105.5,,攻擊 吸血攻擊
119,https://cdn.jsdelivr.net/gh/Faxey/Cat_Store/props/pet117.gif,巨蝙蝠,飛行系,115,27,30,22,24,12,7,4~7,5~8,3~6,4~6,1~4,93.6~121.2,68.2~99.8,37.6~45.2,34.8~43.0,30.4~35.7,99.7~101.9,104.2~106.1,,攻擊 防禦 強風
120,https://cdn.jsdelivr.net/gh/Faxey/Cat_Store/props/pet118.gif,海蝙蝠,飛行系,115,18,29,27,30,11,7,2~5,5~7,4~7,5~8,1~4,85.2~112.8,68.4~100.0,37.3~44.9,37.7~45.9,32.7~38.0,100.2~102.4,102.9~104.9,,攻擊 防禦 陽炎
121,https://cdn.jsdelivr.net/gh/Faxey/Cat_Store/props/pet119.gif,胖蝙蝠,飛行系,115,25,24,20,26,20,7,4~7,4~6,3~6,4~7,3~6,89.6~117.2,81.4~113.0,34.6~42.2,33.6~41.8,31.0~36.3,101.1~103.3,103.4~105.3,,攻擊 防禦 混亂攻擊
122,https://cdn.jsdelivr.net/gh/Faxey/Cat_Store/props/pet120.gif,兔耳蝙蝠,飛行系,110,21,26,18,31,14,8,3~6,4~7,2~5,5~8,2~4,84.6~112.2,70.6~102.2,35.4~43.1,32.4~40.6,32.8~38.1,100.2~102.4,103.4~105.3,,攻擊 防禦
123,https://cdn.jsdelivr.net/gh/Faxey/Cat_Store/props/pet121.gif,獅鷲獸,飛行系,125,22,32,12,42,17,6,3~6,5~8,1~4,7~10,2~5,92.2~119.8,81.2~112.8,39.1~46.8,30.0~38.2,37.3~42.5,100.0~102.2,104.0~106.0,,攻擊 防禦
124,https://cdn.jsdelivr.net/gh/Faxey/Cat_Store/props/pet122.gif,變種獅鷲獸,飛行系,124,26,29,15,39,15,6,4~7,5~7,2~5,7~9,2~5,97.0~124.6,76.8~108.4,37.6~45.2,31.5~39.7,36.1~41.4,99.7~101.9,104.5~106.5,,攻擊 防禦
125,https://cdn.jsdelivr.net/gh/Faxey/Cat_Store/props/pet123.gif,佈雷歐,飛行系,125,20,34,9,47,15,6,3~6,6~8,1~3,8~11,2~5,90.6~118.2,78.4~110.0,40.2~47.8,28.5~36.7,39.1~44.4,99.5~101.7,104.1~106.1,,攻擊 防禦
126,https://cdn.jsdelivr.net/gh/Faxey/Cat_Store/props/pet124.gif,依格儸斯,飛行系,125,18,36,11,44,16,6,2~5,6~9,1~4,8~10,2~5,87.8~115.4,80.4~112.0,41.1~48.8,29.6~37.8,38.1~43.4,99.9~102.1,103.6~105.6,,攻擊 防禦
127,https://cdn.jsdelivr.net/gh/Faxey/Cat_Store/props/pet125.gif,符能青鸞,飛行系,125,23,40,10,46,6,8,3~6,7~10,1~4,8~11,0~3,96.0~123.6,63.4~95.0,43.2~50.8,29.1~37.3,38.9~44.2,97.9~100.1,105.2~107.2,,攻擊、防禦 攻擊、防禦
128,https://cdn.jsdelivr.net/gh/Faxey/Cat_Store/props/pet126.gif,托羅帝鳥,飛行系,110,32,20,13,35,10,0,5~8,3~6,1~4,6~9,1~4,98.4~126.0,62.0~93.6,32.4~40.1,29.6~37.8,34.1~39.4,98.7~100.9,105.5~107.5,,攻擊 防禦
129,https://cdn.jsdelivr.net/gh/Faxey/Cat_Store/props/pet127.gif,岩地跑者,飛行系,110,27,22,17,32,12,8,4~7,3~6,2~5,5~8,1~4,92.2~119.8,66.2~97.8,33.4~41.1,31.8~40.0,33.1~38.3,99.5~101.7,104.4~106.4,,攻擊 防禦
130,https://cdn.jsdelivr.net/gh/Faxey/Cat_Store/props/pet128.gif,火焰啄木鳥,飛行系,110,22,27,19,29,13,8,3~6,4~7,3~5,5~7,1~4,85.8~113.4,68.8~100.4,35.9~43.6,33.0~41.2,32.1~37.3,100.0~102.2,103.5~105.5,,
131,https://cdn.jsdelivr.net/gh/Faxey/Cat_Store/props/pet129.gif,狂奔鳥,飛行系,110,25,24,18,36,7,8,4~7,4~6,2~5,6~9,0~3,91.8~119.4,58.6~90.2,34.5~42.2,32.5~40.7,34.6~39.9,98.7~100.9,104.6~106.5,,
132,https://cdn.jsdelivr.net/gh/Faxey/Cat_Store/props/pet130.gif,虛弱的雛鳥,飛行系,25,5,5,5,5,5,8,0~3,0~3,0~3,0~3,0~3,25.4~53.0,25.4~57.0,20.7~28.4,20.8~29.0,20.5~25.8,100.1~102.3,100.1~102.1,,攻擊 防禦
133,https://cdn.jsdelivr.net/gh/Faxey/Cat_Store/props/pet131.gif,嗜血巡遊鯊,飛行系,120,31,42,15,19,13,7,5~8,7~10,2~5,3~5,1~4,97.8~125.4,71.0~102.6,43.5~51.2,31.2~39.4,28.7~34.0,99.2~101.4,104.9~106.9,,攻擊 防禦
134,https://cdn.jsdelivr.net/gh/Faxey/Cat_Store/props/pet132.gif,多雲娃娃水母,飛行系,123,34,9,21,16,43,8,6~8,1~3,3~6,2~5,7~10,97.2~124.8,119.6~151.2,27.2~34.9,34.0~42.2,27.1~32.3,104.8~107.0,102.7~104.7,,攻擊 防禦
135,https://cdn.jsdelivr.net/gh/Faxey/Cat_Store/props/pet133.gif,大雪娃娃水母,飛行系,123,34,9,20,15,45,8,6~8,1~3,3~6,2~5,8~11,96.4~124.0,122.8~154.4,27.2~34.8,33.4~41.6,26.7~31.9,105.1~107.3,102.6~104.5,,攻擊 防禦
136,https://cdn.jsdelivr.net/gh/Faxey/Cat_Store/props/pet134.gif,小雨娃娃水母,飛行系,123,35,9,23,12,44,8,6~9,1~3,3~6,1~4,8~10,97.8~125.4,121.0~152.6,27.2~34.8,35.0~43.2,25.6~30.9,105.0~107.2,102.6~104.6,,攻擊 防禦
137,https://cdn.jsdelivr.net/gh/Faxey/Cat_Store/props/pet135.gif,晴天娃娃水母,飛行系,123,36,9,23,13,42,8,6~9,1~3,3~6,1~4,7~10,99.6~127.2,117.6~149.2,27.2~34.8,35.0~43.2,26.0~31.2,104.6~106.8,102.9~104.9,,攻擊 防禦
138,https://cdn.jsdelivr.net/gh/Faxey/Cat_Store/props/pet136.gif,雷暴娃娃水母,飛行系,125,47,6,11,46,15,8,8~11,0~3,1~4,8~11,2~5,123.2~150.8,73.0~104.6,26.2~33.8,29.0~37.2,38.2~43.5,98.6~100.8,107.8~109.8,,攻擊 防禦 強力昏睡魔法
139,https://cdn.jsdelivr.net/gh/Faxey/Cat_Store/props/pet137.gif,水母霸王,飛行系,125,42,9,11,17,46,8,7~10,1~3,1~4,2~5,8~11,105.2~132.8,123.6~155.2,27.1~34.8,28.5~36.7,27.3~32.6,104.4~106.6,104.0~106.0,,攻擊 防禦
140,https://cdn.jsdelivr.net/gh/Faxey/Cat_Store/props/pet138.gif,水母大霸王,飛行系,125,42,9,11,17,46,8,7~10,1~3,1~4,2~5,8~11,105.2~132.8,123.6~155.2,27.1~34.8,28.5~36.7,27.3~32.6,104.4~106.6,104.0~106.0,,攻擊 防禦
141,https://cdn.jsdelivr.net/gh/Faxey/Cat_Store/props/pet139.gif,聖金雪橇鹿車,飛行系,125,52,39,14,14,6,8,9~12,7~9,2~4,2~4,0~3,125.2~152.8,57.6~89.2,42.1~49.8,30.7~38.9,26.8~32.1,96.9~99.1,108.5~110.4,,攻擊 防禦
142,https://cdn.jsdelivr.net/gh/Faxey/Cat_Store/props/pet140.gif,黑金雪橇鹿車,飛行系,125,52,14,39,14,6,8,9~12,2~4,7~9,2~4,0~3,130.2~157.8,57.6~89.2,30.1~37.8,44.2~52.4,26.8~32.1,98.4~100.6,107.5~109.4,,攻擊 防禦
143,https://cdn.jsdelivr.net/gh/Faxey/Cat_Store/props/pet141.gif,黃金雪橇鹿車,飛行系,125,52,14,14,39,6,8,9~12,2~4,2~4,7~9,0~3,130.2~157.8,57.6~89.2,30.1~37.8,30.7~38.9,35.8~41.1,96.9~99.1,109.0~110.9,,攻擊 防禦
144,https://cdn.jsdelivr.net/gh/Faxey/Cat_Store/props/pet142.gif,白金雪橇鹿車,飛行系,125,39,52,14,14,6,8,7~9,9~12,2~4,2~4,0~3,109.6~137.2,60.2~91.8,48.6~56.3,31.0~39.2,27.1~32.3,97.5~99.7,106.6~108.6,,攻擊 防禦
145,https://cdn.jsdelivr.net/gh/Faxey/Cat_Store/props/pet143.gif,歐特奇美拉,飛行系,120,24,22,22,35,17,7,4~6,3~6,3~6,6~9,2~5,93.2~120.8,78.8~110.4,34.0~41.6,35.1~43.3,34.5~39.8,100.6~102.8,103.7~105.6,,攻擊 防禦
146,https://cdn.jsdelivr.net/gh/Faxey/Cat_Store/props/pet144.gif,疾風奇美拉,飛行系,125,20,6,8,45,46,9,3~6,0~3,0~3,8~11,8~11,83.8~111.4,128.0~159.6,26.1~33.8,27.3~35.5,37.8~43.1,105.1~107.3,101.6~103.6,,攻擊 防禦
147,https://cdn.jsdelivr.net/gh/Faxey/Cat_Store/props/pet145.gif,小丑魚霸王,飛行系,125,19,42,13,45,6,8,3~5,7~10,1~4,8~11,0~3,91.6~119.2,64.2~95.8,44.2~51.9,30.8~39.0,38.6~43.9,98.2~100.4,104.5~106.5,,攻擊 防禦
148,https://cdn.jsdelivr.net/gh/Faxey/Cat_Store/props/pet146.gif,風暴小丑魚王,飛行系,125,16,6,14,45,44,9,2~5,0~3,2~4,8~11,8~10,80.6~108.2,125.6~157.2,26.2~33.9,30.7~38.9,37.9~43.2,105.2~107.4,101.0~103.0,,攻擊 防禦 強力混亂魔法Lv3
149,https://cdn.jsdelivr.net/gh/Faxey/Cat_Store/props/pet147.gif,碧波小丑魚,飛行系,123,16,39,15,43,10,8,2~5,7~9,2~5,7~10,1~4,86.4~114.0,70.4~102.0,42.6~50.3,31.8~40.0,37.8~43.1,99.2~101.4,103.6~105.6,,攻擊 防禦
150,https://cdn.jsdelivr.net/gh/Faxey/Cat_Store/props/pet148.gif,蒼角小丑魚,飛行系,123,18,40,14,41,10,8,2~5,7~10,2~4,7~10,1~4,88.2~115.8,70.0~101.6,43.1~50.7,31.2~39.4,37.0~42.3,99.1~101.3,103.9~105.8,,攻擊 防禦
151,https://cdn.jsdelivr.net/gh/Faxey/Cat_Store/props/pet149.gif,赤丸小丑魚,飛行系,123,17,39,15,42,10,8,2~5,7~9,2~5,7~10,1~4,87.4~115.0,70.2~101.8,42.6~50.3,31.7~39.9,37.4~42.7,99.2~101.4,103.7~105.7,,攻擊 防禦
152,https://cdn.jsdelivr.net/gh/Faxey/Cat_Store/props/pet150.gif,魔方小丑魚,飛行系,123,20,40,13,40,10,8,3~6,7~10,1~4,7~10,1~4,90.2~117.8,69.6~101.2,43.0~50.7,30.6~38.8,36.6~41.9,98.9~101.1,104.2~106.1,,攻擊 防禦
153,https://cdn.jsdelivr.net/gh/Faxey/Cat_Store/props/pet151.gif,布偶夏莉,飛行系,123,19,9,17,34,44,8,3~5,1~3,2~5,6~8,8~10,81.8~109.4,124.2~155.8,27.5~35.1,32.1~40.3,33.8~39.1,105.3~107.5,101.0~103.0,風2地8,攻擊 防禦
154,https://cdn.jsdelivr.net/gh/Faxey/Cat_Store/props/pet152.gif,布偶凱琪,飛行系,123,15,9,16,43,40,8,2~5,1~3,2~5,7~10,7~10,79.4~107.0,118.6~150.2,27.6~35.3,31.7~39.9,37.2~42.5,104.7~106.9,101.0~103.0,地2水8,攻擊 防禦
155,https://cdn.jsdelivr.net/gh/Faxey/Cat_Store/props/pet153.gif,布偶艾菈,飛行系,123,16,9,42,17,39,8,2~5,1~3,7~10,2~5,7~9,80.8~108.4,116.8~148.4,27.6~35.3,45.8~54.0,27.9~33.1,106.0~108.2,99.7~101.6,水2火8,攻擊 防禦
156,https://cdn.jsdelivr.net/gh/Faxey/Cat_Store/props/pet154.gif,布偶米琪,飛行系,123,30,47,14,23,9,8,5~8,8~11,2~4,3~6,1~3,99.2~126.8,66.0~97.6,46.2~53.9,31.0~39.2,30.3~35.6,98.4~100.6,105.3~107.2,火2風8,攻擊 防禦
157,https://cdn.jsdelivr.net/gh/Faxey/Cat_Store/props/pet155.gif,布偶紫音,飛行系,123,37,38,29,10,9,8,6~9,6~9,5~7,1~4,1~3,108.0~135.6,64.6~96.2,41.7~49.4,38.9~47.1,25.5~30.8,99.0~101.2,105.4~107.4,地10,攻擊 防禦
158,https://cdn.jsdelivr.net/gh/Faxey/Cat_Store/props/pet156.gif,飛馬公主,飛行系,125,16,6,14,43,46,9,2~5,0~3,2~4,7~10,8~11,79.8~107.4,128.8~160.4,26.2~33.8,30.6~38.8,37.2~42.4,105.6~107.8,100.8~102.8,地3風7,攻擊 防禦
159,https://cdn.jsdelivr.net/gh/Faxey/Cat_Store/props/pet157.gif,飛馬王子,飛行系,125,35,41,16,27,6,9,6~9,7~10,2~5,4~7,0~3,107.8~135.4,61.0~92.6,43.4~51.1,32.1~40.3,31.8~37.1,97.7~99.9,106.3~108.2,水2火8,攻擊 防禦
160,https://cdn.jsdelivr.net/gh/Faxey/Cat_Store/props/pet158.gif,藍蠍,昆蟲系,115,20,27,47,13,8,7,3~6,4~7,8~11,1~4,0~3,88.8~116.4,63.2~94.8,36.3~44.0,48.5~56.7,26.6~31.9,100.8~103.0,102.3~104.2,,攻擊 防禦 昏睡攻擊
161,https://cdn.jsdelivr.net/gh/Faxey/Cat_Store/props/pet159.gif,紅蠍,昆蟲系,115,19,28,42,19,7,7,3~5,4~7,7~10,3~5,0~3,88.0~115.6,61.8~93.4,36.9~44.5,45.9~54.1,28.8~34.1,100.3~102.5,102.5~104.5,,攻擊 防禦 石化攻擊
162,https://cdn.jsdelivr.net/gh/Faxey/Cat_Store/props/pet160.gif,黃蠍,昆蟲系,115,20,30,43,12,10,7,3~6,5~8,7~10,1~4,1~4,87.4~115.0,66.4~98.0,37.7~45.4,46.3~54.5,26.2~31.5,100.9~103.1,102.3~104.2,,攻擊 防禦 中毒攻擊
163,https://cdn.jsdelivr.net/gh/Faxey/Cat_Store/props/pet161.gif,殺手蠍,昆蟲系,115,30,29,38,11,7,7,5~8,5~7,6~9,1~4,0~3,98.8~126.4,59.6~91.2,37.1~44.8,43.5~51.7,25.7~31.0,99.6~101.8,104.1~106.0,,攻擊 防禦 吸血攻擊
164,https://cdn.jsdelivr.net/gh/Faxey/Cat_Store/props/pet162.gif,改造黃蠍,昆蟲系,125,20,10,43,12,40,7,3~6,1~4,7~10,1~4,7~10,85.4~113.0,118.4~150.0,28.1~35.8,46.3~54.5,26.0~31.3,106.1~108.3,100.1~102.0,,攻擊 防禦
165,https://cdn.jsdelivr.net/gh/Faxey/Cat_Store/props/pet163.gif,殺人蜂,昆蟲系,110,12,37,12,37,12,8,1~4,6~9,1~4,6~9,1~4,74.2~101.8,69.2~100.8,40.9~48.6,29.4~37.6,35.2~40.4,99.8~102.0,102.6~104.6,,攻擊 防禦
166,https://cdn.jsdelivr.net/gh/Faxey/Cat_Store/props/pet164.gif,異型蜂,昆蟲系,110,14,33,11,35,17,8,2~4,5~8,1~4,6~9,2~5,75.0~102.6,76.8~108.4,38.9~46.5,28.7~36.9,34.3~39.6,100.6~102.8,102.5~104.5,,攻擊 中毒攻擊
167,https://cdn.jsdelivr.net/gh/Faxey/Cat_Store/props/pet165.gif,虎頭蜂,昆蟲系,110,13,40,8,38,11,8,1~4,7~10,0~3,6~9,1~4,75.0~102.6,67.4~99.0,42.4~50.0,27.2~35.4,35.5~40.8,99.3~101.5,103.0~105.0,,攻擊 防禦 混亂攻擊
168,https://cdn.jsdelivr.net/gh/Faxey/Cat_Store/props/pet166.gif,黃蜂,昆蟲系,110,10,38,13,43,6,8,1~4,6~9,1~4,7~10,0~3,74.4~102.0,60.0~91.6,41.6~49.2,30.1~38.3,37.5~42.8,98.9~101.1,102.9~104.9,,攻擊 中毒攻擊
169,https://cdn.jsdelivr.net/gh/Faxey/Cat_Store/props/pet167.gif,死亡蜂,昆蟲系,110,7,39,15,41,8,8,0~3,7~9,2~5,7~10,0~3,70.4~98.0,63.8~95.4,42.1~49.7,31.2~39.4,36.8~42.1,99.5~101.7,102.2~104.2,,攻擊 防禦 連擊
170,https://cdn.jsdelivr.net/gh/Faxey/Cat_Store/props/pet168.gif,赤炎黃蜂,昆蟲系,120,14,38,15,43,10,9,2~4,6~9,2~5,7~10,1~4,82.8~110.4,69.6~101.2,42.0~49.7,31.6~39.8,37.7~43.0,99.3~101.5,103.3~105.2,,攻擊 防禦 昏睡攻擊
171,https://cdn.jsdelivr.net/gh/Faxey/Cat_Store/props/pet169.gif,螳螂,昆蟲系,120,16,44,22,27,11,6,2~5,8~10,3~6,4~7,1~4,83.2~110.8,70.8~102.4,44.8~52.5,35.3~43.5,31.9~37.2,99.9~102.1,102.9~104.8,,攻擊 防禦 諸刃
172,https://cdn.jsdelivr.net/gh/Faxey/Cat_Store/props/pet170.gif,殺人螳螂,昆蟲系,120,12,45,20,26,17,6,1~4,8~11,3~6,4~7,2~5,76.6~104.2,81.2~112.8,45.3~52.9,34.2~42.4,31.5~36.8,101.0~103.2,101.9~103.8,,攻擊 防禦
173,https://cdn.jsdelivr.net/gh/Faxey/Cat_Store/props/pet171.gif,赤目螳螂,昆蟲系,120,14,44,19,29,14,6,2~4,8~10,3~5,5~7,2~4,80.0~107.6,76.0~107.6,44.8~52.5,33.7~41.9,32.6~37.9,100.3~102.5,102.5~104.5,,攻擊 陽炎 戰慄襲心
174,https://cdn.jsdelivr.net/gh/Faxey/Cat_Store/props/pet172.gif,死灰螳螂,昆蟲系,120,15,40,17,33,15,6,2~5,7~10,2~5,5~8,2~5,81.4~109.0,77.4~109.0,42.8~50.5,32.6~40.8,34.0~39.3,100.3~102.5,102.7~104.7,,攻擊 防禦 反擊
175,https://cdn.jsdelivr.net/gh/Faxey/Cat_Store/props/pet173.gif,致命螳螂,昆蟲系,120,20,43,18,27,12,6,3~6,7~10,2~5,4~7,1~4,87.0~114.6,71.6~103.2,44.2~51.9,33.1~41.3,31.8~37.1,99.6~101.8,103.5~105.5,,攻擊 防禦 吸血攻擊
176,https://cdn.jsdelivr.net/gh/Faxey/Cat_Store/props/pet174.gif,櫻花螳螂,昆蟲系,123,18,45,22,27,11,9,2~5,8~11,3~6,4~7,1~4,86.8~114.4,71.6~103.2,45.4~53.1,35.5~43.7,32.0~37.3,99.7~101.9,103.2~105.2,,攻擊 防禦 昏睡攻擊
177,https://cdn.jsdelivr.net/gh/Faxey/Cat_Store/props/pet175.gif,土蜘蛛,昆蟲系,105,26,15,18,23,23,9,4~7,2~5,2~5,3~6,3~6,85.2~112.8,82.0~113.6,29.6~37.2,31.8~40.0,29.4~34.7,101.7~103.9,103.1~105.0,,攻擊 防禦
178,https://cdn.jsdelivr.net/gh/Faxey/Cat_Store/props/pet176.gif,水蜘蛛,昆蟲系,105,24,16,17,20,28,9,4~6,2~5,2~5,3~6,4~7,81.0~108.6,90.4~122.0,30.0~37.6,31.2~39.4,28.3~33.6,102.6~104.8,102.4~104.3,,攻擊 防禦 單冰
179,https://cdn.jsdelivr.net/gh/Faxey/Cat_Store/props/pet177.gif,火蜘蛛,昆蟲系,105,22,22,16,25,20,9,3~6,3~6,2~5,4~7,3~6,81.0~108.6,78.0~109.6,33.1~40.7,30.9~39.1,30.3~35.6,101.2~103.4,102.9~104.8,,攻擊 防禦 昏睡攻擊
180,https://cdn.jsdelivr.net/gh/Faxey/Cat_Store/props/pet178.gif,風蜘蛛,昆蟲系,105,25,28,15,19,18,0,4~7,4~7,2~5,3~5,2~5,83.6~111.2,74.2~105.8,35.9~43.6,30.3~38.5,28.1~33.4,100.6~102.8,103.4~105.3,,攻擊 中毒攻擊
181,https://cdn.jsdelivr.net/gh/Faxey/Cat_Store/props/pet179.gif,改造水蜘蛛,昆蟲系,125,28,20,21,24,32,9,4~7,3~6,3~6,4~6,5~8,94.6~122.2,104.0~135.6,32.9~40.6,34.4~42.6,30.4~35.6,103.0~105.2,102.9~104.9,,攻擊 防禦
182,https://cdn.jsdelivr.net/gh/Faxey/Cat_Store/props/pet180.gif,二次改造水蜘蛛,昆蟲系,125,33,6,6,30,50,9,5~8,0~3,0~3,5~8,9~12,95.2~122.8,131.8~163.4,25.8~33.4,25.9~34.1,32.1~37.3,105.1~107.3,102.9~104.9,,攻擊 防禦
183,https://cdn.jsdelivr.net/gh/Faxey/Cat_Store/props/pet181.gif,甲蟲,昆蟲系,115,17,37,32,12,17,7,2~5,6~9,5~8,1~4,2~5,80.2~107.8,78.2~109.8,41.0~48.7,40.3~48.5,26.2~31.4,101.6~103.8,101.7~103.7,,攻擊 防禦
184,https://cdn.jsdelivr.net/gh/Faxey/Cat_Store/props/pet182.gif,掘地蟲,昆蟲系,115,20,35,36,8,16,7,3~6,6~9,6~9,0~3,2~5,84.0~111.6,76.0~107.6,40.0~47.7,42.4~50.6,24.7~30.0,101.5~103.7,102.0~103.9,,攻擊 防禦
185,https://cdn.jsdelivr.net/gh/Faxey/Cat_Store/props/pet183.gif,鍬型蟲,昆蟲系,115,15,39,29,14,18,7,2~5,7~9,5~7,2~4,2~5,77.4~105.0,80.2~111.8,42.0~49.7,38.7~46.9,26.9~32.2,101.7~103.9,101.5~103.5,,攻擊 防禦
186,https://cdn.jsdelivr.net/gh/Faxey/Cat_Store/props/pet184.gif,獨角仙,昆蟲系,116,18,41,34,9,14,7,2~5,7~10,6~8,1~3,2~4,82.2~109.8,73.6~105.2,43.0~50.7,41.5~49.7,25.2~30.4,101.1~103.3,102.0~103.9,,攻擊 防禦
187,https://cdn.jsdelivr.net/gh/Faxey/Cat_Store/props/pet185.gif,金甲蟲,昆蟲系,123,18,37,37,11,20,8,2~5,6~9,6~9,1~4,3~6,84.8~112.4,86.0~117.6,41.4~49.1,43.4~51.6,26.0~31.3,102.2~104.4,101.6~103.5,,攻擊 防禦
188,https://cdn.jsdelivr.net/gh/Faxey/Cat_Store/props/pet186.gif,烈焰龍蝦,昆蟲系,123,28,48,19,21,7,8,4~7,8~11,3~5,3~6,0~3,97.8~125.4,63.2~94.8,46.8~54.4,33.7~41.9,29.7~35.0,98.4~100.6,104.9~106.9,,攻擊 防禦
189,https://cdn.jsdelivr.net/gh/Faxey/Cat_Store/props/pet187.gif,海龍蝦,昆蟲系,123,31,45,23,16,8,8,5~8,8~11,3~6,2~5,0~3,101.0~128.6,64.2~95.8,45.2~52.9,35.8~44.0,27.8~33.1,98.7~100.9,105.0~107.0,,攻擊 防禦
190,https://cdn.jsdelivr.net/gh/Faxey/Cat_Store/props/pet188.gif,沼澤龍蝦,昆蟲系,123,29,47,26,14,7,8,5~7,8~11,4~7,2~4,0~3,99.0~126.6,63.0~94.6,46.3~53.9,37.5~45.7,27.2~32.4,98.8~101.0,104.6~106.6,,攻擊 防禦
191,https://cdn.jsdelivr.net/gh/Faxey/Cat_Store/props/pet189.gif,烈風龍蝦,昆蟲系,123,27,46,18,24,8,8,4~7,8~11,2~5,4~6,0~3,96.8~124.4,65.0~96.6,45.8~53.5,33.2~41.4,30.8~36.1,98.6~100.8,104.8~106.8,,攻擊 防禦
192,https://cdn.jsdelivr.net/gh/Faxey/Cat_Store/props/pet190.gif,牛角寄居蟹,昆蟲系,110,18,9,31,17,35,7,2~5,1~3,5~8,2~5,6~9,76.6~104.2,104.8~136.4,26.9~34.6,39.1~47.3,27.4~32.7,104.8~107.0,100.5~102.4,,攻擊 防禦
193,https://cdn.jsdelivr.net/gh/Faxey/Cat_Store/props/pet191.gif,樹精,植物系,110,32,17,32,12,17,8,5~8,2~5,5~8,1~4,2~5,96.2~123.8,73.2~104.8,30.8~38.5,39.7~47.9,25.7~30.9,101.1~103.3,103.7~105.7,,攻擊 防禦
194,https://cdn.jsdelivr.net/gh/Faxey/Cat_Store/props/pet192.gif,死亡樹精,植物系,110,28,20,37,9,16,8,4~7,3~6,6~9,1~3,2~5,92.0~119.6,72.4~104.0,32.4~40.0,42.5~50.7,24.7~30.0,101.4~103.6,103.0~104.9,,攻擊 防禦 石化攻擊
195,https://cdn.jsdelivr.net/gh/Faxey/Cat_Store/props/pet193.gif,黃金樹精,植物系,115,38,22,28,10,17,8,6~9,3~6,4~7,1~4,2~5,104.2~131.8,74.0~105.6,33.4~41.1,37.7~45.9,25.0~30.3,100.5~102.7,104.8~106.7,,攻擊 防禦
196,https://cdn.jsdelivr.net/gh/Faxey/Cat_Store/props/pet194.gif,慘白樹精,植物系,110,29,16,28,17,20,8,5~7,2~5,4~7,2~5,3~6,92.2~119.8,78.6~110.2,30.3~38.0,37.5~45.7,27.5~32.7,101.5~103.7,103.3~105.3,,攻擊 防禦
197,https://cdn.jsdelivr.net/gh/Faxey/Cat_Store/props/pet195.gif,冰冷樹精,植物系,110,30,15,27,16,22,8,5~8,2~5,4~7,2~5,3~6,92.6~120.2,81.6~113.2,29.8~37.5,36.9~45.1,27.0~32.3,101.8~104.0,103.3~105.3,,攻擊 防禦
198,https://cdn.jsdelivr.net/gh/Faxey/Cat_Store/props/pet196.gif,沼澤樹精,植物系,110,31,14,29,15,21,8,5~8,2~4,5~7,2~5,3~6,94.2~121.8,79.8~111.4,29.3~37.0,38.0~46.2,26.7~32.0,101.7~103.9,103.4~105.4,,攻擊 防禦
199,https://cdn.jsdelivr.net/gh/Faxey/Cat_Store/props/pet197.gif,懷舊樹精,植物系,124,42,31,34,14,3,9,7~10,5~8,6~8,2~4,-1~2,117.4~145.0,54.4~86.0,38.5~46.1,41.7~49.9,27.0~32.3,98.0~100.2,106.5~108.4,,攻擊 防禦
200,https://cdn.jsdelivr.net/gh/Faxey/Cat_Store/props/pet198.gif,改造樹精,植物系,125,51,24,34,10,6,8,9~12,4~6,6~8,1~4,0~3,127.2~154.8,57.8~89.4,34.9~42.6,41.5~49.7,25.4~30.7,98.2~100.4,107.4~109.4,,攻擊 防禦
201,https://cdn.jsdelivr.net/gh/Faxey/Cat_Store/props/pet198.gif,快枯死的樹精,植物系,55,7,12,17,7,12,8,0~3,1~4,2~5,0~3,1~4,41.2~68.8,48.2~79.8,25.7~33.4,28.9~37.1,22.3~27.5,101.4~103.6,100.0~102.0,,攻擊 防禦
202,https://cdn.jsdelivr.net/gh/Faxey/Cat_Store/props/pet199.gif,妖草,植物系,105,26,11,16,16,36,9,4~7,1~4,2~5,2~5,6~9,80.8~108.4,102.8~134.4,27.4~35.0,30.5~38.7,26.6~31.9,103.9~106.1,102.0~103.9,,攻擊 防禦
203,https://cdn.jsdelivr.net/gh/Faxey/Cat_Store/props/pet200.gif,蔓陀羅草,植物系,105,25,13,14,15,38,9,4~7,1~4,2~4,2~5,6~9,78.6~106.2,106.2~137.8,28.3~36.0,29.4~37.6,26.3~31.5,104.2~106.4,101.7~103.7,,攻擊 防禦
204,https://cdn.jsdelivr.net/gh/Faxey/Cat_Store/props/pet201.gif,妖花,植物系,105,27,12,12,19,35,9,4~7,1~4,1~4,3~5,6~9,82.0~109.6,101.0~132.6,27.9~35.5,28.3~36.5,27.7~33.0,103.4~105.6,102.4~104.4,,攻擊 防禦
205,https://cdn.jsdelivr.net/gh/Faxey/Cat_Store/props/pet202.gif,人魔草,植物系,105,22,17,11,14,41,9,3~6,2~5,1~4,2~4,7~10,73.6~101.2,111.6~143.2,30.2~37.9,27.8~36.0,25.9~31.2,104.7~106.9,101.2~103.1,,攻擊 防禦
206,https://cdn.jsdelivr.net/gh/Faxey/Cat_Store/props/pet203.gif,禁地妖花,植物系,125,33,13,18,23,38,8,5~8,1~4,2~5,3~6,6~9,98.6~126.2,112.6~144.2,29.4~37.0,32.6~40.8,29.8~35.1,103.7~105.9,103.3~105.2,,攻擊 防禦
207,https://cdn.jsdelivr.net/gh/Faxey/Cat_Store/props/pet204.gif,綠色口臭鬼,植物系,115,38,23,16,15,23,7,6~9,3~6,2~5,2~5,3~6,101.6~129.2,83.6~115.2,33.8~41.4,31.1~39.3,26.7~32.0,100.9~103.1,104.9~106.8,,攻擊 防禦
208,https://cdn.jsdelivr.net/gh/Faxey/Cat_Store/props/pet205.gif,黃色口臭鬼,植物系,115,37,27,18,11,22,7,6~9,4~7,2~5,1~4,3~6,100.2~127.8,82.2~113.8,35.7~43.4,32.2~40.4,25.3~30.6,100.9~103.1,104.7~106.6,,攻擊 防禦
209,https://cdn.jsdelivr.net/gh/Faxey/Cat_Store/props/pet206.gif,藍色口臭鬼,植物系,120,35,25,15,18,27,7,6~9,4~7,2~5,2~5,4~7,99.6~127.2,92.6~124.2,35.0~42.7,30.9~39.1,28.0~33.2,101.6~103.8,104.3~106.3,,攻擊 防禦
210,https://cdn.jsdelivr.net/gh/Faxey/Cat_Store/props/pet207.gif,紅色口臭鬼,植物系,120,44,21,14,12,29,7,8~10,3~6,2~4,1~4,5~7,108.6~136.2,94.0~125.6,32.9~40.5,30.1~38.3,25.6~30.9,101.5~103.7,105.4~107.3,,攻擊 防禦
211,https://cdn.jsdelivr.net/gh/Faxey/Cat_Store/props/pet208.gif,改造綠色口臭鬼,植物系,125,40,25,18,17,25,7,7~10,4~7,2~5,2~5,4~7,108.4~136.0,90.4~122.0,35.2~42.9,32.7~40.9,27.7~33.0,101.1~103.3,105.2~107.1,,攻擊 防禦
212,https://cdn.jsdelivr.net/gh/Faxey/Cat_Store/props/pet209.gif,兇暴仙人掌,植物系,110,27,29,22,12,20,8,4~7,5~7,3~6,1~4,3~6,87.6~115.2,79.0~110.6,36.6~44.3,34.3~42.5,25.7~31.0,101.2~103.4,103.2~105.1,,攻擊 防禦
213,https://cdn.jsdelivr.net/gh/Faxey/Cat_Store/props/pet210.gif,武術仙人掌,植物系,110,24,32,27,10,17,8,4~6,5~8,4~7,1~4,2~5,85.2~112.8,74.8~106.4,38.2~45.8,37.2~45.4,25.1~30.4,101.1~103.3,102.8~104.7,,攻擊 防禦
214,https://cdn.jsdelivr.net/gh/Faxey/Cat_Store/props/pet211.gif,兔耳仙人掌,植物系,110,28,35,19,14,14,8,4~7,6~9,3~5,2~4,2~4,89.8~117.4,69.2~100.8,39.6~47.3,32.8~41.0,26.5~31.8,99.9~102.1,104.0~105.9,,攻擊 防禦
215,https://cdn.jsdelivr.net/gh/Faxey/Cat_Store/props/pet212.gif,印地安仙人掌,植物系,110,26,36,24,9,15,8,4~7,6~9,4~6,1~3,2~5,87.2~114.8,71.2~102.8,40.1~47.8,35.5~43.7,24.7~30.0,100.5~102.7,103.3~105.3,,攻擊 防禦
216,https://cdn.jsdelivr.net/gh/Faxey/Cat_Store/props/pet213.gif,火焰舞者,植物系,115,19,38,18,15,25,8,3~5,6~9,2~5,2~5,4~7,78.8~106.4,90.6~122.2,41.3~49.0,32.5~40.7,27.0~32.3,102.1~104.3,102.0~103.9,,攻擊 防禦
217,https://cdn.jsdelivr.net/gh/Faxey/Cat_Store/props/pet214.gif,荒漠兔耳仙人掌,植物系,122,26,42,16,25,13,8,4~7,7~10,2~5,4~7,1~4,94.0~121.6,72.8~104.4,43.7~51.4,32.0~40.2,31.0~36.3,99.4~101.6,104.3~106.3,,攻擊 防禦
218,https://cdn.jsdelivr.net/gh/Faxey/Cat_Store/props/pet215.gif,翠綠菇,植物系,115,37,12,12,17,37,7,6~9,1~4,1~4,2~5,6~9,97.2~124.8,106.2~137.8,28.2~35.9,28.7~36.9,27.2~32.4,103.2~105.4,103.8~105.8,,攻擊 防禦
219,https://cdn.jsdelivr.net/gh/Faxey/Cat_Store/props/pet216.gif,水藍菇,植物系,115,38,15,13,15,34,7,6~9,2~5,1~4,2~5,6~8,98.8~126.4,101.2~132.8,29.7~37.4,29.3~37.5,26.5~31.8,102.7~104.9,104.1~106.1,,攻擊 酒醉攻擊
220,https://cdn.jsdelivr.net/gh/Faxey/Cat_Store/props/pet217.gif,粉紅菇,植物系,115,35,10,15,14,41,7,6~9,1~4,2~5,2~4,7~10,94.0~121.6,113.0~144.6,27.2~34.9,30.3~38.5,26.0~31.3,104.2~106.4,103.0~105.0,,攻擊 防禦
221,https://cdn.jsdelivr.net/gh/Faxey/Cat_Store/props/pet218.gif,星菇,植物系,115,40,13,10,13,39,7,7~10,1~4,1~4,1~4,7~9,99.2~126.8,108.8~140.4,28.6~36.3,27.5~35.7,25.6~30.9,103.3~105.5,104.1~106.0,,攻擊 防禦
222,https://cdn.jsdelivr.net/gh/Faxey/Cat_Store/props/pet219.gif,暮夜南瓜怪,植物系,123,15,15,45,15,33,8,2~5,2~5,8~11,2~5,5~8,81.0~108.6,107.4~139.0,30.7~38.3,47.5~55.7,27.3~32.6,105.2~107.4,99.9~101.8,,攻擊 防禦
223,https://cdn.jsdelivr.net/gh/Faxey/Cat_Store/props/pet220.gif,黃昏南瓜怪,植物系,123,15,45,15,33,15,8,2~5,8~11,2~5,5~8,2~5,82.2~109.8,78.6~110.2,45.4~53.1,31.7~39.9,34.1~39.4,100.1~102.3,102.9~104.8,,攻擊 防禦
224,https://cdn.jsdelivr.net/gh/Faxey/Cat_Store/props/pet221.gif,白晝南瓜怪,植物系,123,45,15,33,15,15,8,8~11,2~5,5~8,2~5,2~5,118.2~145.8,72.6~104.2,30.4~38.1,40.8~49.0,27.0~32.3,100.0~102.2,106.0~107.9,,攻擊 防禦
225,https://cdn.jsdelivr.net/gh/Faxey/Cat_Store/props/pet222.gif,晨曦南瓜怪,植物系,123,15,33,15,45,15,8,2~5,5~8,2~5,8~11,2~5,84.6~112.2,78.6~110.2,39.7~47.3,31.7~39.9,38.4~43.7,100.1~102.3,103.1~105.1,,攻擊 防禦
226,https://cdn.jsdelivr.net/gh/Faxey/Cat_Store/props/pet223.gif,萬聖南瓜精靈,植物系,125,18,6,22,31,48,9,2~5,0~3,3~6,5~8,8~11,81.0~108.6,131.6~163.2,26.1~33.8,34.9~43.1,32.8~38.0,106.3~108.5,100.4~102.3,,攻擊 防禦
227,https://cdn.jsdelivr.net/gh/Faxey/Cat_Store/props/pet224.gif,迷幻海葵,植物系,110,32,13,23,11,31,7,5~8,1~4,3~6,1~4,5~8,91.4~119.0,95.6~127.2,28.6~36.3,34.6~42.8,25.0~30.3,103.1~105.3,102.9~104.9,,攻擊 防禦
228,https://cdn.jsdelivr.net/gh/Faxey/Cat_Store/props/pet225.gif,致幻海葵,植物系,110,28,14,22,13,33,7,4~7,2~4,3~6,1~4,5~8,86.4~114.0,99.6~131.2,29.1~36.8,34.1~42.3,25.8~31.1,103.5~105.7,102.3~104.3,,攻擊 防禦
229,https://cdn.jsdelivr.net/gh/Faxey/Cat_Store/props/pet226.gif,迷魂草,植物系,120,29,17,15,22,37,7,5~7,2~5,2~5,3~6,6~9,91.2~118.8,109.8~141.4,31.1~38.7,30.8~39.0,29.3~34.6,103.6~105.8,102.8~104.7,,攻擊 防禦
230,https://cdn.jsdelivr.net/gh/Faxey/Cat_Store/props/pet227.gif,史萊姆,特殊系,105,46,26,11,6,16,9,8~11,4~7,1~4,0~3,2~5,105.8~133.4,66.8~98.4,34.6~42.2,27.8~36.0,23.0~28.3,99.2~101.4,106.4~108.3,,攻擊 防禦
231,https://cdn.jsdelivr.net/gh/Faxey/Cat_Store/props/pet228.gif,液態史萊姆,特殊系,105,49,24,15,5,12,9,9~11,4~6,2~5,0~3,1~4,110.8~138.4,59.8~91.4,33.6~41.3,30.0~38.2,22.7~28.0,98.6~100.8,106.9~108.9,,攻擊 明鏡止水
232,https://cdn.jsdelivr.net/gh/Faxey/Cat_Store/props/pet229.gif,果凍史萊姆,特殊系,105,45,31,6,10,13,9,8~11,5~8,0~3,1~4,1~4,105.0~132.6,62.2~93.8,37.1~44.7,25.2~33.4,24.6~29.8,98.4~100.6,106.8~108.7,,攻擊 防禦
233,https://cdn.jsdelivr.net/gh/Faxey/Cat_Store/props/pet230.gif,布丁史萊姆,特殊系,105,40,25,12,8,20,9,7~10,4~7,1~4,0~3,3~6,98.4~126.0,74.4~106.0,34.1~41.8,28.4~36.6,23.8~29.1,100.2~102.4,105.2~107.2,,攻擊 防禦
234,https://cdn.jsdelivr.net/gh/Faxey/Cat_Store/props/pet231.gif,純白液態史萊姆,特殊系,124,50,32,15,17,10,9,9~12,5~8,2~5,2~5,1~4,122.4~150.0,64.0~95.6,38.6~46.3,31.1~39.3,27.8~33.1,97.8~100.0,107.9~109.8,,攻擊 防禦
235,https://cdn.jsdelivr.net/gh/Faxey/Cat_Store/props/pet232.gif,火精,特殊系,125,25,25,25,25,25,9,4~7,4~7,4~7,4~7,4~7,93.4~121.0,93.4~125.0,35.5~43.2,36.8~45.0,30.9~36.2,102.1~104.3,102.9~104.9,,攻擊 防禦
236,https://cdn.jsdelivr.net/gh/Faxey/Cat_Store/props/pet233.gif,風精,特殊系,125,25,25,25,25,25,9,4~7,4~7,4~7,4~7,4~7,93.4~121.0,93.4~125.0,35.5~43.2,36.8~45.0,30.9~36.2,102.1~104.3,102.9~104.9,,攻擊 防禦
237,https://cdn.jsdelivr.net/gh/Faxey/Cat_Store/props/pet234.gif,水精,特殊系,125,25,25,25,25,25,9,4~7,4~7,4~7,4~7,4~7,93.4~121.0,93.4~125.0,35.5~43.2,36.8~45.0,30.9~36.2,102.1~104.3,102.9~104.9,,攻擊 防禦
238,https://cdn.jsdelivr.net/gh/Faxey/Cat_Store/props/pet235.gif,地精,特殊系,125,25,25,25,25,25,9,4~7,4~7,4~7,4~7,4~7,93.4~121.0,93.4~125.0,35.5~43.2,36.8~45.0,30.9~36.2,102.1~104.3,102.9~104.9,,攻擊 防禦
239,https://cdn.jsdelivr.net/gh/Faxey/Cat_Store/props/pet236.gif,頑皮炸彈,特殊系,100,15,15,15,15,40,10,2~5,2~5,2~5,2~5,7~10,64.4~92.0,109.4~141.0,29.1~36.8,29.8~38.0,26.2~31.5,105.1~107.3,100.0~102.0,,攻擊 防禦 強石
240,https://cdn.jsdelivr.net/gh/Faxey/Cat_Store/props/pet237.gif,寶貝炸彈,特殊系,100,14,17,11,16,42,10,2~4,2~5,1~4,2~5,7~10,62.2~89.8,112.8~144.4,30.1~37.7,27.6~35.8,26.6~31.8,105.3~107.5,99.9~101.9,,攻擊 防禦 強冰
241,https://cdn.jsdelivr.net/gh/Faxey/Cat_Store/props/pet238.gif,大炸彈,特殊系,100,12,20,14,14,40,10,1~4,3~6,2~4,2~4,7~10,60.4~88.0,110.0~141.6,31.6~39.3,29.3~37.5,25.9~31.2,105.2~107.4,99.6~101.6,,攻擊 強火
242,https://cdn.jsdelivr.net/gh/Faxey/Cat_Store/props/pet239.gif,漂浮炸彈,特殊系,100,16,14,14,17,39,10,2~5,2~4,2~4,2~5,7~9,66.0~93.6,107.6~139.2,28.7~36.3,29.3~37.5,26.9~32.2,104.8~107.0,100.3~102.3,,攻擊 防禦 強風
243,https://cdn.jsdelivr.net/gh/Faxey/Cat_Store/props/pet240.gif,丸子炸彈,特殊系,105,17,17,7,17,47,10,2~5,2~5,0~3,2~5,8~11,66.2~93.8,122.2~153.8,30.2~37.9,25.6~33.8,27.0~32.2,105.7~107.9,100.2~102.2,,攻擊 防禦
244,https://cdn.jsdelivr.net/gh/Faxey/Cat_Store/props/pet241.gif,粉紅炸彈,特殊系,123,18,11,16,30,48,10,2~5,1~4,2~5,5~8,8~11,78.8~106.4,130.8~162.4,28.4~36.0,31.5~39.7,32.3~37.6,106.0~108.2,100.5~102.5,,攻擊 防禦
245,https://cdn.jsdelivr.net/gh/Faxey/Cat_Store/props/pet242.gif,幻影,特殊系,120,20,26,25,17,32,6,3~6,4~7,4~7,2~5,5~8,82.4~110.0,103.6~135.2,35.7~43.3,36.5~44.7,27.8~33.1,103.7~105.9,101.4~103.4,,攻擊 防禦
246,https://cdn.jsdelivr.net/gh/Faxey/Cat_Store/props/pet243.gif,旋律影子,特殊系,120,24,28,22,19,27,6,4~6,4~7,3~6,3~5,4~7,88.0~115.6,94.8~126.4,36.7~44.3,34.9~43.1,28.5~33.8,102.4~104.6,102.5~104.5,,攻擊 防禦
247,https://cdn.jsdelivr.net/gh/Faxey/Cat_Store/props/pet244.gif,闇影,特殊系,120,25,23,23,23,26,6,4~7,3~6,3~6,3~6,4~7,90.4~118.0,93.0~124.6,34.3~41.9,35.4~43.6,30.0~35.3,102.3~104.5,102.8~104.8,,
248,https://cdn.jsdelivr.net/gh/Faxey/Cat_Store/props/pet245.gif,陰影,特殊系,120,28,24,22,22,24,6,4~7,4~6,3~6,3~6,4~6,94.0~121.6,89.2~120.8,34.7~42.4,34.8~43.0,29.6~34.9,101.7~103.9,103.4~105.4,,
249,https://cdn.jsdelivr.net/gh/Faxey/Cat_Store/props/pet246.gif,改造陰影,特殊系,125,29,25,23,23,25,6,5~7,4~7,3~6,3~6,4~7,97.4~125.0,92.6~124.2,35.5~43.1,35.6~43.8,30.1~35.4,101.8~104.0,103.5~105.5,,攻擊 防禦
250,https://cdn.jsdelivr.net/gh/Faxey/Cat_Store/props/pet247.gif,深邃幻影,特殊系,125,16,6,22,37,44,7,2~5,0~3,3~6,6~9,8~10,80.6~108.2,125.6~157.2,26.2~33.9,35.0~43.2,35.0~40.3,105.7~107.9,100.5~102.5,,攻擊 防禦
251,https://cdn.jsdelivr.net/gh/Faxey/Cat_Store/props/pet248.gif,噩夢噩夢旋律影子,特殊系,125,23,38,8,50,6,7,3~6,6~9,0~3,9~12,0~3,96.4~124.0,63.4~95.0,42.2~49.9,28.0~36.2,40.3~45.6,97.7~99.9,105.4~107.3,,攻擊 防禦
252,https://cdn.jsdelivr.net/gh/Faxey/Cat_Store/props/pet249.gif,綠煙,特殊系,115,20,20,14,25,36,7,3~6,3~6,2~4,4~7,6~9,79.0~106.6,108.0~139.6,32.4~40.1,30.1~38.3,30.4~35.7,103.8~106.0,101.6~103.6,,攻擊 防禦
253,https://cdn.jsdelivr.net/gh/Faxey/Cat_Store/props/pet250.gif,煙霧,特殊系,115,23,23,8,30,31,7,3~6,3~6,0~3,5~8,5~8,83.4~111.0,99.4~131.0,33.9~41.6,26.9~35.1,32.2~37.5,102.4~104.6,102.8~104.7,,攻擊 防禦
254,https://cdn.jsdelivr.net/gh/Faxey/Cat_Store/props/pet251.gif,煙羅,特殊系,115,22,22,12,27,32,7,3~6,3~6,1~4,4~7,5~8,82.2~109.8,101.2~132.8,33.4~41.1,29.1~37.3,31.2~36.4,102.9~105.1,102.3~104.3,,攻擊 防禦
255,https://cdn.jsdelivr.net/gh/Faxey/Cat_Store/props/pet252.gif,棉球,特殊系,115,25,26,9,25,30,7,4~7,4~7,1~3,4~7,5~8,85.2~112.8,97.4~129.0,35.3~43.0,27.5~35.7,30.4~35.7,102.2~104.4,103.0~104.9,,攻擊 防禦 抗混亂-Ⅰ
256,https://cdn.jsdelivr.net/gh/Faxey/Cat_Store/props/pet253.gif,祥雲寶寶,特殊系,123,23,10,8,36,46,9,3~6,1~4,0~3,6~9,8~11,84.8~112.4,126.6~158.2,27.8~35.5,27.1~35.3,34.4~39.7,105.0~107.2,101.8~103.8,,攻擊 防禦
257,https://cdn.jsdelivr.net/gh/Faxey/Cat_Store/props/pet254.gif,虛弱的煙羅,特殊系,25,5,5,5,5,5,7,0~3,0~3,0~3,0~3,0~3,25.4~53.0,25.4~57.0,20.7~28.4,20.8~29.0,20.5~25.8,100.1~102.3,100.1~102.1,,攻擊 防禦
258,https://cdn.jsdelivr.net/gh/Faxey/Cat_Store/props/pet255.gif,魷魚霸王,特殊系,125,13,6,12,46,48,8,1~4,0~3,1~4,8~11,8~11,76.0~103.6,132.6~164.2,26.2~33.9,29.6~37.8,38.3~43.5,105.9~108.1,100.4~102.3,,攻擊 防禦
259,https://cdn.jsdelivr.net/gh/Faxey/Cat_Store/props/pet256.gif,呆萌魷魚,特殊系,123,13,9,23,36,42,8,1~4,1~3,3~6,6~9,7~10,76.6~104.2,122.2~153.8,27.6~35.3,35.5~43.7,34.7~40.0,105.6~107.8,100.2~102.1,,攻擊 防禦
260,https://cdn.jsdelivr.net/gh/Faxey/Cat_Store/props/pet257.gif,冷酷魷魚,特殊系,123,15,9,21,34,44,8,2~5,1~3,3~6,6~8,8~10,77.8~105.4,125.0~156.6,27.6~35.2,34.3~42.5,33.9~39.2,105.7~107.9,100.3~102.3,,攻擊 防禦
261,https://cdn.jsdelivr.net/gh/Faxey/Cat_Store/props/pet258.gif,暴躁魷魚,特殊系,123,12,9,20,37,45,8,1~4,1~3,3~6,6~9,8~11,74.4~102.0,127.2~158.8,27.6~35.3,33.8~42.0,35.0~40.3,106.0~108.2,99.9~101.9,,攻擊 防禦
262,https://cdn.jsdelivr.net/gh/Faxey/Cat_Store/props/pet259.gif,瘋狂魷魚,特殊系,123,17,9,15,39,43,8,2~5,1~3,2~5,7~9,7~10,80.2~107.8,123.0~154.6,27.5~35.2,31.1~39.3,35.7~41.0,105.1~107.3,101.0~103.0,,攻擊 防禦
263,https://cdn.jsdelivr.net/gh/Faxey/Cat_Store/props/pet260.gif,閃光魷魚王,特殊系,125,30,52,15,22,6,9,5~8,9~12,2~5,3~6,0~3,100.6~128.2,62.0~93.6,48.8~56.4,31.7~39.9,30.1~35.4,97.9~100.1,105.5~107.5,,攻擊 防禦 氣功彈-I
264,https://cdn.jsdelivr.net/gh/Faxey/Cat_Store/props/pet261.gif,愛絲波波,特殊系,123,35,22,22,22,22,7,6~9,3~6,3~6,3~6,3~6,104.0~131.6,85.8~117.4,33.8~41.5,34.9~43.1,29.6~34.9,101.0~103.2,104.6~106.6,,攻擊 防禦
265,https://cdn.jsdelivr.net/gh/Faxey/Cat_Store/props/pet262.gif,絲諾波波,特殊系,123,22,35,22,22,22,7,3~6,6~9,3~6,3~6,3~6,88.4~116.0,88.4~120.0,40.3~48.0,35.2~43.4,29.9~35.2,101.5~103.7,102.8~104.7,,攻擊 防禦
266,https://cdn.jsdelivr.net/gh/Faxey/Cat_Store/props/pet263.gif,聖誕波波,特殊系,123,22,22,22,35,22,7,3~6,3~6,3~6,6~9,3~6,91.0~118.6,88.4~120.0,34.1~41.8,35.2~43.4,34.6~39.8,101.5~103.7,103.0~105.0,,攻擊 防禦
267,https://cdn.jsdelivr.net/gh/Faxey/Cat_Store/props/pet264.gif,雪兒波波,特殊系,123,22,22,22,22,35,7,3~6,3~6,3~6,3~6,6~9,85.8~113.4,109.2~140.8,33.8~41.5,34.9~43.1,29.6~34.9,103.9~106.1,101.7~103.7,,攻擊 防禦
268,https://cdn.jsdelivr.net/gh/Faxey/Cat_Store/props/pet265.gif,行大運白虎王,特殊系,125,38,6,15,19,47,9,6~9,0~3,2~5,3~5,8~11,101.4~129.0,126.0~157.6,25.7~33.4,30.7~38.9,28.1~33.3,104.9~107.1,103.3~105.2,,攻擊 防禦
269,https://cdn.jsdelivr.net/gh/Faxey/Cat_Store/props/pet266.gif,贏珍寶黑虎王,特殊系,125,18,42,15,44,6,9,2~5,7~10,2~5,8~10,0~3,90.6~118.2,64.4~96.0,44.2~51.9,31.9~40.1,38.3~43.6,98.4~100.6,104.3~106.2,,攻擊 防禦
270,https://cdn.jsdelivr.net/gh/Faxey/Cat_Store/props/pet267.gif,天使小熊,特殊系,125,14,47,16,42,6,8,2~4,8~11,2~5,7~10,0~3,85.6~113.2,65.2~96.8,46.7~54.4,32.5~40.7,37.6~42.9,98.6~100.8,103.6~105.6,,攻擊 防禦
271,https://cdn.jsdelivr.net/gh/Faxey/Cat_Store/props/pet268.gif,愛情小熊,特殊系,125,43,32,20,24,6,8,7~10,5~8,3~6,4~6,0~3,117.6~145.2,59.4~91.0,38.9~46.6,34.1~42.3,30.6~35.9,97.7~99.9,107.2~109.1,,攻擊 防禦
272,https://cdn.jsdelivr.net/gh/Faxey/Cat_Store/props/pet269.gif,戀愛小熊,特殊系,125,49,31,19,20,6,8,9~11,5~8,3~5,3~6,0~3,123.8~151.4,58.2~89.8,38.3~46.0,33.5~41.7,29.0~34.3,97.4~99.6,108.0~109.9,,攻擊 防禦
273,https://cdn.jsdelivr.net/gh/Faxey/Cat_Store/props/pet270.gif,愛心小熊,特殊系,125,35,6,26,14,44,8,6~9,0~3,4~7,2~4,8~10,99.6~127.2,121.8~153.4,25.8~33.5,36.8~45.0,26.4~31.7,105.2~107.4,102.6~104.5,,攻擊 防禦
274,https://cdn.jsdelivr.net/gh/Faxey/Cat_Store/props/pet271.gif,花生元宵,特殊系,120,32,32,32,12,12,7,5~8,5~8,5~8,1~4,1~4,101.2~128.8,69.2~100.8,38.7~46.4,40.4~48.6,26.2~31.4,100.0~102.2,104.3~106.3,,攻擊 防禦
275,https://cdn.jsdelivr.net/gh/Faxey/Cat_Store/props/pet272.gif,芝麻元宵,特殊系,120,32,12,32,12,32,7,5~8,1~4,5~8,1~4,5~8,97.2~124.8,101.2~132.8,28.7~36.4,40.0~48.2,25.8~31.0,103.6~105.8,102.7~104.7,,攻擊 防禦
276,https://cdn.jsdelivr.net/gh/Faxey/Cat_Store/props/pet273.gif,流沙元宵,特殊系,120,12,32,32,12,32,7,1~4,5~8,5~8,1~4,5~8,73.2~100.8,105.2~136.8,38.7~46.4,40.4~48.6,26.2~31.4,104.4~106.6,99.9~101.9,,攻擊 防禦
277,https://cdn.jsdelivr.net/gh/Faxey/Cat_Store/props/pet274.gif,紅豆元宵,特殊系,120,12,12,32,32,32,7,1~4,1~4,5~8,5~8,5~8,77.2~104.8,105.2~136.8,29.1~36.8,40.4~48.6,33.4~38.6,104.4~106.6,100.3~102.3,,攻擊 防禦
278,https://cdn.jsdelivr.net/gh/Faxey/Cat_Store/props/pet275.gif,血腥之刃,金屬系,120,9,39,34,14,24,6,1~3,7~9,6~8,2~4,4~6,72.0~99.6,93.0~124.6,42.3~50.0,41.7~49.9,27.1~32.4,103.2~105.4,100.1~102.1,,攻擊 防禦
279,https://cdn.jsdelivr.net/gh/Faxey/Cat_Store/props/pet276.gif,殺龍之刃,金屬系,125,17,37,41,11,19,6,2~5,6~9,7~10,1~4,3~5,85.4~113.0,85.4~117.0,41.6~49.2,45.7~53.9,26.2~31.4,102.3~104.5,101.4~103.3,,
280,https://cdn.jsdelivr.net/gh/Faxey/Cat_Store/props/pet277.gif,火焰之刃,金屬系,120,10,39,28,12,31,6,1~4,7~9,4~7,1~4,5~8,70.2~97.8,104.0~135.6,42.1~49.8,38.3~46.5,26.2~31.5,104.1~106.3,99.9~101.8,,攻擊 單火
281,https://cdn.jsdelivr.net/gh/Faxey/Cat_Store/props/pet278.gif,烈風之刃,金屬系,125,12,44,29,13,27,6,1~4,8~10,5~7,1~4,4~7,75.8~103.4,99.2~130.8,44.9~52.5,39.2~47.4,26.8~32.1,103.2~105.4,100.6~102.5,,
282,https://cdn.jsdelivr.net/gh/Faxey/Cat_Store/props/pet279.gif,嚇人箱,金屬系,105,11,26,26,11,31,9,1~4,4~7,4~7,1~4,5~8,64.8~92.4,97.8~129.4,35.0~42.6,36.3~44.5,25.2~30.5,104.2~106.4,99.8~101.7,,攻擊 防禦 混亂攻擊
283,https://cdn.jsdelivr.net/gh/Faxey/Cat_Store/props/pet280.gif,兔耳嚇人箱,金屬系,105,9,24,23,16,33,9,1~3,4~6,3~6,2~5,5~8,62.4~90.0,101.4~133.0,34.0~41.7,34.7~42.9,27.0~32.3,104.5~106.7,99.6~101.5,,攻擊 防禦 遺忘攻擊
284,https://cdn.jsdelivr.net/gh/Faxey/Cat_Store/props/pet281.gif,紅魔嚇人箱,金屬系,110,12,32,27,12,27,8,1~4,5~8,4~7,1~4,4~7,69.2~96.8,93.2~124.8,38.2~45.9,37.2~45.4,25.9~31.1,103.4~105.6,100.3~102.3,,攻擊 防禦 吸血
285,https://cdn.jsdelivr.net/gh/Faxey/Cat_Store/props/pet282.gif,藍魔嚇人箱,金屬系,110,15,37,28,8,22,8,2~5,6~9,4~7,0~3,3~6,73.2~100.8,84.6~116.2,40.7~48.3,37.8~46.0,24.5~29.7,102.4~104.6,101.0~103.0,,攻擊 防禦 陽炎
286,https://cdn.jsdelivr.net/gh/Faxey/Cat_Store/props/pet283.gif,綠蛙嚇人箱,金屬系,110,13,35,29,10,23,8,1~4,6~9,5~7,1~4,3~6,71.2~98.8,86.6~118.2,39.7~47.4,38.3~46.5,25.2~30.5,102.8~105.0,100.7~102.6,,攻擊 防禦
287,https://cdn.jsdelivr.net/gh/Faxey/Cat_Store/props/pet284.gif,純白嚇人箱,金屬系,110,9,24,29,11,37,8,1~3,4~6,5~7,1~4,6~9,63.8~91.4,109.8~141.4,34.2~41.9,38.1~46.3,25.4~30.6,105.4~107.6,99.0~101.0,,攻擊 防禦 混亂攻擊 全部抗咒
288,https://cdn.jsdelivr.net/gh/Faxey/Cat_Store/props/pet285.gif,冰怪,金屬系,115,20,30,46,7,12,7,3~6,5~8,8~11,0~3,1~4,86.6~114.2,69.6~101.2,37.7~45.4,47.9~56.1,24.4~29.7,101.4~103.6,101.9~103.8,,攻擊 防禦
289,https://cdn.jsdelivr.net/gh/Faxey/Cat_Store/props/pet286.gif,石怪,金屬系,115,15,38,43,6,13,7,2~5,6~9,7~10,0~3,1~4,79.6~107.2,72.2~103.8,41.6~49.3,46.4~54.6,24.1~29.4,101.6~103.8,101.2~103.2,,攻擊 防禦
290,https://cdn.jsdelivr.net/gh/Faxey/Cat_Store/props/pet287.gif,銀怪,金屬系,115,10,32,48,8,17,7,1~4,5~8,8~11,0~3,2~5,74.2~101.8,79.6~111.2,38.8~46.4,49.1~57.3,24.9~30.1,102.8~105.0,100.0~102.0,,攻擊 防禦
291,https://cdn.jsdelivr.net/gh/Faxey/Cat_Store/props/pet288.gif,金怪,金屬系,115,14,41,40,5,15,7,2~4,7~10,7~10,0~3,2~5,77.2~104.8,75.6~107.2,43.0~50.7,44.7~52.9,23.7~29.0,101.8~104.0,101.0~103.0,,攻擊 防禦
292,https://cdn.jsdelivr.net/gh/Faxey/Cat_Store/props/pet289.gif,惡魔螃蟹,金屬系,105,16,32,35,11,11,9,2~5,5~8,6~9,1~4,1~4,76.6~104.2,64.8~96.4,38.2~45.8,41.5~49.7,25.5~30.8,100.9~103.1,101.7~103.7,,攻擊 防禦 連擊
293,https://cdn.jsdelivr.net/gh/Faxey/Cat_Store/props/pet290.gif,水晶螃蟹,金屬系,105,18,31,36,10,10,9,2~5,5~8,6~9,1~4,1~4,79.2~106.8,62.8~94.4,37.7~45.3,42.0~50.2,25.2~30.4,100.7~102.9,102.0~104.0,,攻擊 防禦
294,https://cdn.jsdelivr.net/gh/Faxey/Cat_Store/props/pet291.gif,鐵剪螃蟹,金屬系,105,14,34,37,12,8,9,2~4,6~8,6~9,1~4,0~3,75.4~103.0,60.4~92.0,39.2~46.9,42.6~50.8,26.0~31.3,100.6~102.8,101.6~103.6,,攻擊 防禦
295,https://cdn.jsdelivr.net/gh/Faxey/Cat_Store/props/pet292.gif,黃金螃蟹,金屬系,105,22,30,34,7,12,9,3~6,5~8,6~8,0~3,1~4,82.6~110.2,65.2~96.8,37.1~44.7,40.8~49.0,24.0~29.2,100.8~103.0,102.4~104.4,,攻擊 防禦
296,https://cdn.jsdelivr.net/gh/Faxey/Cat_Store/props/pet293.gif,墮落惡魔螃蟹,金屬系,121,22,38,40,13,8,8,3~6,6~9,7~10,1~4,0~3,92.2~119.8,65.2~96.8,41.9~49.6,45.1~53.3,26.8~32.1,100.1~102.3,103.0~104.9,,攻擊 防禦
297,https://cdn.jsdelivr.net/gh/Faxey/Cat_Store/props/pet294.gif,劇毒螃蟹,金屬系,123,12,31,36,8,36,8,1~4,5~8,6~9,0~3,6~9,73.6~101.2,112.8~144.4,38.3~46.0,42.7~50.9,24.8~30.0,105.3~107.5,99.4~101.4,,攻擊 防禦
298,https://cdn.jsdelivr.net/gh/Faxey/Cat_Store/props/pet295.gif,盾,金屬系,120,15,15,45,15,30,6,2~5,2~5,8~11,2~5,5~8,80.4~108.0,101.4~133.0,30.5~38.2,47.4~55.6,27.2~32.5,104.7~106.9,100.0~102.0,,攻擊 防禦
299,https://cdn.jsdelivr.net/gh/Faxey/Cat_Store/props/pet296.gif,潛盾,金屬系,120,17,12,47,12,32,6,2~5,1~4,8~11,1~4,5~8,82.2~109.8,104.2~135.8,29.0~36.7,48.4~56.6,26.1~31.3,105.1~107.3,100.0~102.0,,攻擊 防禦
300,https://cdn.jsdelivr.net/gh/Faxey/Cat_Store/props/pet297.gif,強盾,金屬系,120,19,13,49,11,28,6,3~5,1~4,9~11,1~4,4~7,85.6~113.2,97.4~129.0,29.5~37.2,49.5~57.7,25.7~31.0,104.4~106.6,100.5~102.5,,攻擊 防禦
301,https://cdn.jsdelivr.net/gh/Faxey/Cat_Store/props/pet298.gif,神盾,金屬系,120,16,9,50,8,37,6,2~5,1~3,9~12,0~3,6~9,79.8~107.4,112.4~144.0,27.5~35.2,49.9~58.1,24.5~29.8,106.2~108.4,99.3~101.2,,攻擊 防禦
302,https://cdn.jsdelivr.net/gh/Faxey/Cat_Store/props/pet299.gif,岩怪,金屬系,110,29,22,40,5,14,8,5~7,3~6,7~10,0~3,2~4,93.4~121.0,69.0~100.6,33.3~41.0,44.1~52.3,23.3~28.5,101.2~103.4,103.1~105.0,,攻擊 防禦
303,https://cdn.jsdelivr.net/gh/Faxey/Cat_Store/props/pet300.gif,爆岩,金屬系,110,30,20,42,6,12,8,5~8,3~6,7~10,0~3,1~4,95.6~123.2,65.6~97.2,32.4~40.1,45.2~53.4,23.6~28.9,100.9~103.1,103.3~105.3,,攻擊 防禦
304,https://cdn.jsdelivr.net/gh/Faxey/Cat_Store/props/pet301.gif,熔岩,金屬系,110,32,17,37,7,17,8,5~8,2~5,6~9,0~3,2~5,96.2~123.8,73.2~104.8,30.8~38.5,42.4~50.6,23.9~29.1,101.4~103.6,103.4~105.4,,攻擊 防禦 不做
305,https://cdn.jsdelivr.net/gh/Faxey/Cat_Store/props/pet302.gif,影岩,金屬系,110,31,15,32,12,20,8,5~8,2~5,5~8,1~4,3~6,94.4~122.0,78.2~109.8,29.8~37.5,39.7~47.9,25.6~30.9,101.7~103.9,103.3~105.3,,攻擊 防禦 魔防
306,https://cdn.jsdelivr.net/gh/Faxey/Cat_Store/props/pet303.gif,青銅刺豚,金屬系,120,14,39,30,22,15,8,2~4,7~9,5~8,3~6,2~5,80.6~108.2,77.6~109.2,42.4~50.0,39.6~47.8,30.1~35.3,101.1~103.3,101.8~103.8,,攻擊 防禦
307,https://cdn.jsdelivr.net/gh/Faxey/Cat_Store/props/pet304.gif,蜥蜴戰士,龍系,110,22,32,32,12,12,8,3~6,5~8,5~8,1~4,1~4,85.2~112.8,67.2~98.8,38.3~46.0,40.0~48.2,26.0~31.2,100.6~102.8,102.7~104.7,,攻擊 防禦
308,https://cdn.jsdelivr.net/gh/Faxey/Cat_Store/props/pet305.gif,蜥蜴鬥士,龍系,110,18,37,37,8,10,8,2~5,6~9,6~9,0~3,1~4,81.0~108.6,64.8~96.4,40.8~48.5,42.8~51.0,24.6~29.9,100.7~102.9,102.0~104.0,,攻擊 防禦
309,https://cdn.jsdelivr.net/gh/Faxey/Cat_Store/props/pet306.gif,蜥蝪武士,龍系,110,20,31,30,15,14,8,3~6,5~8,5~8,2~5,2~4,82.6~110.2,70.8~102.4,37.8~45.5,38.9~47.1,27.0~32.3,100.9~103.1,102.4~104.4,,
310,https://cdn.jsdelivr.net/gh/Faxey/Cat_Store/props/pet307.gif,獵豹蜥蜴,龍系,110,23,36,28,10,13,8,3~6,6~9,4~7,1~4,1~4,85.0~112.6,68.6~100.2,40.2~47.9,37.8~46.0,25.2~30.5,100.5~102.7,102.9~104.9,,攻擊 防禦
311,https://cdn.jsdelivr.net/gh/Faxey/Cat_Store/props/pet308.gif,大地翼龍,龍系,120,29,28,32,20,11,0,5~7,4~7,5~8,3~6,1~4,99.4~127.0,68.2~99.8,36.9~44.5,40.5~48.7,29.1~34.4,99.9~102.1,104.1~106.1,,攻擊 防禦
312,https://cdn.jsdelivr.net/gh/Faxey/Cat_Store/props/pet309.gif,寒冰翼龍,龍系,120,30,30,31,17,12,6,5~8,5~8,5~8,2~5,1~4,99.6~127.2,69.6~101.2,37.8~45.5,39.9~48.1,28.0~33.3,100.0~102.2,104.2~106.1,,攻擊 防禦
313,https://cdn.jsdelivr.net/gh/Faxey/Cat_Store/props/pet310.gif,火焰翼龍,龍系,120,33,33,25,16,13,6,5~8,5~8,4~7,2~5,1~4,101.6~129.2,70.6~102.2,39.2~46.8,36.6~44.8,27.6~32.8,99.7~101.9,104.7~106.7,,攻擊 防禦
314,https://cdn.jsdelivr.net/gh/Faxey/Cat_Store/props/pet311.gif,烈風翼龍,龍系,120,32,30,23,20,15,6,5~8,5~8,3~6,3~6,2~5,100.4~128.0,74.0~105.6,37.7~45.4,35.5~43.7,29.0~34.3,100.0~102.2,104.6~106.6,,攻擊 防禦
315,https://cdn.jsdelivr.net/gh/Faxey/Cat_Store/props/pet312.gif,銀色翼龍,龍系,125,32,30,26,19,18,6,5~8,5~8,4~7,3~5,2~5,102.2~129.8,80.8~112.4,37.9~45.6,37.3~45.5,28.8~34.0,100.6~102.8,104.3~106.3,,攻擊 防禦
316,https://cdn.jsdelivr.net/gh/Faxey/Cat_Store/props/pet313.gif,變異龍祖,龍系,125,26,46,13,33,7,7,4~7,8~11,1~4,5~8,0~3,97.4~125.0,64.4~96.0,46.0~53.6,30.7~38.9,34.1~39.4,98.1~100.3,105.2~107.1,,攻擊 防禦
317,https://cdn.jsdelivr.net/gh/Faxey/Cat_Store/props/pet314.gif,地龍蜥,龍系,120,29,34,34,15,8,7,5~7,6~8,6~8,2~5,0~3,99.4~127.0,63.4~95.0,39.8~47.5,41.6~49.8,27.4~32.7,99.5~101.7,104.2~106.2,,攻擊 防禦
318,https://cdn.jsdelivr.net/gh/Faxey/Cat_Store/props/pet315.gif,水龍蜥,龍系,125,36,38,34,11,6,7,6~9,6~9,6~8,1~4,0~3,109.4~137.0,60.8~92.4,41.9~49.6,41.8~50.0,26.0~31.3,98.8~101.0,105.4~107.3,,攻擊 防禦
319,https://cdn.jsdelivr.net/gh/Faxey/Cat_Store/props/pet316.gif,火龍蜥,龍系,125,32,37,37,12,7,7,5~8,6~9,6~9,1~4,0~3,105.2~132.8,63.2~94.8,41.5~49.2,43.5~51.7,26.5~31.7,99.3~101.5,104.6~106.6,,攻擊 防禦
320,https://cdn.jsdelivr.net/gh/Faxey/Cat_Store/props/pet317.gif,風龍蜥,龍系,120,35,35,31,10,9,7,6~9,6~9,5~8,1~4,1~3,104.8~132.4,63.8~95.4,40.2~47.8,39.9~48.1,25.4~30.7,99.3~101.5,105.0~106.9,,攻擊 防禦
321,https://cdn.jsdelivr.net/gh/Faxey/Cat_Store/props/pet318.gif,暗黑水龍蜥,龍系,125,38,38,35,9,5,8,6~9,6~9,6~9,1~3,0~3,111.8~139.4,58.8~90.4,41.9~49.6,42.3~50.5,25.3~30.6,98.6~100.8,105.6~107.6,,攻擊 防禦
322,https://cdn.jsdelivr.net/gh/Faxey/Cat_Store/props/pet319.gif,口袋龍,龍系,115,15,34,21,20,25,7,2~5,6~8,3~6,3~6,4~7,75.6~103.2,91.4~123.0,39.5~47.1,34.2~42.4,28.9~34.2,102.5~104.7,101.4~103.4,,攻擊 防禦
323,https://cdn.jsdelivr.net/gh/Faxey/Cat_Store/props/pet320.gif,迷你龍,龍系,115,10,35,23,21,26,7,1~4,6~9,3~6,3~6,4~7,70.0~97.6,94.0~125.6,40.0~47.7,35.4~43.6,29.4~34.6,103.0~105.2,100.6~102.5,,攻擊 防禦
324,https://cdn.jsdelivr.net/gh/Faxey/Cat_Store/props/pet321.gif,雛龍,龍系,115,12,32,22,22,27,7,1~4,5~8,3~6,3~6,4~7,72.2~99.8,95.2~126.8,38.5~46.2,34.8~43.0,29.7~34.9,103.0~105.2,100.8~102.8,,攻擊 防禦 單火 強火
325,https://cdn.jsdelivr.net/gh/Faxey/Cat_Store/props/pet322.gif,穴龍,龍系,115,11,31,20,25,28,7,1~4,5~8,3~6,4~7,4~7,71.0~98.6,97.0~128.6,38.0~45.7,33.7~41.9,30.7~36.0,103.1~105.3,100.7~102.7,,攻擊 防禦 強風
326,https://cdn.jsdelivr.net/gh/Faxey/Cat_Store/props/pet323.gif,小白龍,龍系,123,20,36,9,42,16,9,3~6,6~9,1~3,7~10,2~5,88.6~116.2,79.2~110.8,41.0~48.6,28.3~36.5,37.2~42.5,99.8~102.0,103.9~105.9,,攻擊 防禦
327,https://cdn.jsdelivr.net/gh/Faxey/Cat_Store/props/pet324.gif,虛弱的迷你龍,龍系,25,5,5,5,5,5,8,0~3,0~3,0~3,0~3,0~3,25.4~53.0,25.4~57.0,20.7~28.4,20.8~29.0,20.5~25.8,100.1~102.3,100.1~102.1,,攻擊 防禦
328,https://cdn.jsdelivr.net/gh/Faxey/Cat_Store/props/pet325.gif,達哈卡,龍系,125,42,42,27,7,7,6,7~10,7~10,4~7,0~3,0~3,114.2~141.8,61.2~92.8,43.7~51.4,37.9~46.1,24.5~29.7,98.3~100.5,106.3~108.3,,攻擊 防禦
329,https://cdn.jsdelivr.net/gh/Faxey/Cat_Store/props/pet326.gif,蛟龍,龍系,125,40,44,25,8,8,6,7~10,8~10,4~7,0~3,0~3,111.4~139.0,63.2~94.8,44.7~52.4,36.8~45.0,24.8~30.1,98.4~100.6,106.1~108.0,,攻擊 防禦
330,https://cdn.jsdelivr.net/gh/Faxey/Cat_Store/props/pet327.gif,埃及眼鏡蛇,龍系,125,38,45,30,6,6,6,6~9,8~11,5~8,0~3,0~3,110.0~137.6,60.4~92.0,45.3~52.9,39.6~47.8,24.2~29.5,98.5~100.7,105.7~107.7,,攻擊 防禦
331,https://cdn.jsdelivr.net/gh/Faxey/Cat_Store/props/pet328.gif,八岐大蛇,龍系,125,46,46,23,5,5,6,8~11,8~11,3~6,0~3,0~3,118.2~145.8,57.2~88.8,45.6~53.3,35.7~43.9,23.7~29.0,97.5~99.7,107.2~109.1,,攻擊 防禦
332,https://cdn.jsdelivr.net/gh/Faxey/Cat_Store/props/pet329.gif,火頸龍,龍系,120,24,16,15,28,37,7,4~6,2~5,2~5,4~7,6~9,86.4~114.0,110.8~142.4,30.7~38.4,30.9~39.1,31.6~36.9,103.8~106.0,102.2~104.2,,攻擊 防禦
333,https://cdn.jsdelivr.net/gh/Faxey/Cat_Store/props/pet330.gif,飛刺海馬,龍系,120,13,36,19,33,19,7,1~4,6~9,3~5,5~8,3~5,78.6~106.2,84.2~115.8,40.9~48.5,33.6~41.8,34.0~39.2,101.2~103.4,102.0~104.0,,攻擊 防禦
334,https://cdn.jsdelivr.net/gh/Faxey/Cat_Store/props/pet331.gif,小可愛優奈,人形系,140,28,28,28,28,28,7,4~7,4~7,4~7,4~7,4~7,103.6~131.2,103.6~135.2,37.8~45.4,39.2~47.4,32.5~37.8,102.4~104.6,103.4~105.3,,攻擊 防禦
335,https://cdn.jsdelivr.net/gh/Faxey/Cat_Store/props/pet331.gif,優奈,人形系,125,15,25,33,19,33,8,2~5,4~7,5~8,3~5,5~8,80.2~107.8,108.2~139.8,35.6~43.2,41.2~49.4,28.8~34.1,104.4~106.6,100.5~102.4,,攻擊 防禦
336,https://cdn.jsdelivr.net/gh/Faxey/Cat_Store/props/pet332.gif,哥布林,人形系,105,27,27,27,17,7,9,4~7,4~7,4~7,2~5,0~3,90.2~117.8,56.2~87.8,35.6~43.3,37.0~45.2,27.6~32.8,99.3~101.5,104.0~106.0,,攻擊 防禦
337,https://cdn.jsdelivr.net/gh/Faxey/Cat_Store/props/pet333.gif,紅帽哥布林,人形系,107,23,30,29,20,5,9,3~6,5~8,5~7,3~6,0~3,87.6~115.2,54.6~86.2,37.3~45.0,38.3~46.5,28.8~34.1,99.2~101.4,103.6~105.6,,攻擊 防禦
338,https://cdn.jsdelivr.net/gh/Faxey/Cat_Store/props/pet334.gif,火焰哥布林,人形系,105,22,28,26,15,14,9,3~6,4~7,4~7,2~5,2~4,82.2~109.8,68.4~100.0,36.1~43.7,36.4~44.6,26.8~32.1,100.7~102.9,102.8~104.7,,攻擊 防禦
339,https://cdn.jsdelivr.net/gh/Faxey/Cat_Store/props/pet335.gif,烈風哥布林,人形系,107,30,26,24,23,4,9,5~8,4~7,4~6,3~6,0~2,95.8~123.4,51.6~83.2,35.3~42.9,35.5~43.7,29.8~35.1,98.4~100.6,105.0~106.9,,攻擊 防禦
340,https://cdn.jsdelivr.net/gh/Faxey/Cat_Store/props/pet336.gif,改造烈風哥布林,人形系,127,26,49,22,22,8,9,4~7,9~11,3~6,3~6,0~3,97.6~125.2,66.8~98.4,47.5~55.2,35.6~43.8,30.2~35.5,98.8~101.0,104.5~106.5,,攻擊 防禦
341,https://cdn.jsdelivr.net/gh/Faxey/Cat_Store/props/pet337.gif,巨人,人形系,120,38,35,24,9,14,6,6~9,6~9,4~6,1~3,2~4,105.8~133.4,71.2~102.8,40.0~47.7,35.9~44.1,24.9~30.2,99.6~101.8,105.3~107.2,,攻擊 防禦 乾坤一擲
342,https://cdn.jsdelivr.net/gh/Faxey/Cat_Store/props/pet338.gif,單眼巨人,人形系,120,34,34,20,12,20,6,6~8,6~8,3~6,1~4,3~6,99.6~127.2,81.6~113.2,39.5~47.1,33.7~41.9,26.0~31.2,100.6~102.8,104.4~106.4,,攻擊 防禦
343,https://cdn.jsdelivr.net/gh/Faxey/Cat_Store/props/pet339.gif,泰坦巨人,人形系,120,39,30,28,8,15,6,7~9,5~8,4~7,0~3,2~5,107.4~135.0,72.6~104.2,37.6~45.2,38.0~46.2,24.5~29.8,100.0~102.2,105.1~107.1,,攻擊 防禦
344,https://cdn.jsdelivr.net/gh/Faxey/Cat_Store/props/pet340.gif,亞特拉斯巨神,人形系,120,37,37,17,17,12,6,6~9,6~9,2~5,2~5,1~4,105.2~132.8,68.2~99.8,41.0~48.7,32.2~40.4,27.9~33.1,98.9~101.1,105.7~107.7,,攻擊 防禦 明鏡止水
345,https://cdn.jsdelivr.net/gh/Faxey/Cat_Store/props/pet341.gif,盜賊,人形系,115,23,28,21,31,12,7,3~6,4~7,3~6,5~8,1~4,90.0~117.6,69.0~100.6,36.7~44.3,34.3~42.5,33.0~38.3,99.8~102.0,103.8~105.7,,攻擊 防禦
346,https://cdn.jsdelivr.net/gh/Faxey/Cat_Store/props/pet342.gif,山賊,人形系,115,28,27,24,26,10,7,4~7,4~7,4~6,4~7,1~4,96.0~123.6,64.8~96.4,36.1~43.8,35.9~44.1,31.1~36.4,99.4~101.6,104.4~106.4,,
347,https://cdn.jsdelivr.net/gh/Faxey/Cat_Store/props/pet343.gif,海盜,人形系,115,19,31,23,28,14,7,3~5,5~8,3~6,4~7,2~4,84.6~112.2,73.0~104.6,38.2~45.8,35.5~43.7,31.9~37.2,100.4~102.6,102.9~104.9,,攻擊 防禦
348,https://cdn.jsdelivr.net/gh/Faxey/Cat_Store/props/pet344.gif,破壞狂,人形系,115,27,26,30,24,8,7,4~7,4~7,5~8,4~6,0~3,96.0~123.6,61.8~93.4,35.7~43.4,39.2~47.4,30.5~35.7,99.5~101.7,104.2~106.1,,
349,https://cdn.jsdelivr.net/gh/Faxey/Cat_Store/props/pet345.gif,鳥人,人形系,110,17,17,17,37,22,8,2~5,2~5,2~5,6~9,3~6,79.2~106.8,84.2~115.8,31.0~38.7,31.8~40.0,34.9~40.1,101.7~103.9,102.3~104.3,,攻擊 防禦
350,https://cdn.jsdelivr.net/gh/Faxey/Cat_Store/props/pet346.gif,幻歌妖,人形系,110,15,18,20,38,19,8,2~5,2~5,3~6,6~9,3~5,78.2~105.8,79.8~111.4,31.6~39.3,33.5~41.7,35.3~40.6,101.4~103.6,102.2~104.1,,攻擊 防禦 昏
351,https://cdn.jsdelivr.net/gh/Faxey/Cat_Store/props/pet347.gif,狠毒鳥人,人形系,110,18,19,14,39,20,8,2~5,3~5,2~4,7~9,3~6,80.6~108.2,80.8~112.4,32.0~39.7,30.2~38.4,35.6~40.9,101.1~103.3,102.8~104.7,,攻擊 防禦 抗混亂
352,https://cdn.jsdelivr.net/gh/Faxey/Cat_Store/props/pet348.gif,烈風鳥人,人形系,110,13,20,12,42,23,8,1~4,3~6,1~4,7~10,3~6,74.2~101.8,86.6~118.2,32.5~40.2,29.2~37.4,36.7~42.0,101.7~103.9,102.0~103.9,,攻擊 防禦
353,https://cdn.jsdelivr.net/gh/Faxey/Cat_Store/props/pet349.gif,黑暗鳥人,人形系,115,19,11,11,43,31,8,3~5,1~4,1~4,7~10,5~8,81.8~109.4,100.2~131.8,28.2~35.9,28.6~36.8,37.0~42.3,102.8~105.0,102.3~104.3,,攻擊 防禦
354,https://cdn.jsdelivr.net/gh/Faxey/Cat_Store/props/pet350.gif,迷幻歌妖,人形系,122,16,21,8,41,36,8,2~5,3~6,0~3,7~10,6~9,79.0~106.6,111.6~143.2,33.4~41.1,27.4~35.6,36.5~41.8,103.5~105.7,101.7~103.7,,攻擊 防禦
355,https://cdn.jsdelivr.net/gh/Faxey/Cat_Store/props/pet351.gif,牛鬼,人形系,120,24,29,24,29,14,7,4~6,5~7,4~6,5~7,2~4,93.0~120.6,74.0~105.6,37.4~45.1,36.2~44.4,32.4~37.7,100.2~102.4,103.7~105.7,,攻擊 防禦
356,https://cdn.jsdelivr.net/gh/Faxey/Cat_Store/props/pet352.gif,強襲牛鬼,人形系,125,28,50,21,20,6,8,4~7,9~12,3~6,3~6,0~3,99.0~126.6,62.4~94.0,47.9~55.5,35.0~43.2,29.4~34.7,98.3~100.5,104.9~106.9,,攻擊 防禦
357,https://cdn.jsdelivr.net/gh/Faxey/Cat_Store/props/pet353.gif,大型半獸人,人形系,115,34,25,35,10,11,7,6~8,4~7,6~9,1~4,1~4,102.0~129.6,65.2~96.8,35.0~42.7,41.7~49.9,25.2~30.5,100.0~102.2,104.4~106.4,,攻擊 防禦
358,https://cdn.jsdelivr.net/gh/Faxey/Cat_Store/props/pet354.gif,豬鬼,人形系,115,33,28,33,11,10,7,5~8,4~7,5~8,1~4,1~4,100.8~128.4,63.8~95.4,36.5~44.2,40.7~48.9,25.6~30.9,99.8~102.0,104.5~106.4,,攻擊 防禦
359,https://cdn.jsdelivr.net/gh/Faxey/Cat_Store/props/pet355.gif,鋼鬼,人形系,115,30,30,30,16,9,7,5~8,5~8,5~8,2~5,1~3,97.8~125.4,62.8~94.4,37.6~45.2,39.1~47.3,27.5~32.8,99.5~101.7,104.3~106.3,,攻擊 防禦
360,https://cdn.jsdelivr.net/gh/Faxey/Cat_Store/props/pet356.gif,半獸人,人形系,115,32,27,32,12,12,7,5~8,4~7,5~8,1~4,1~4,99.2~126.8,67.2~98.8,36.0~43.7,40.1~48.3,26.0~31.2,100.1~102.3,104.2~106.2,,攻擊 防禦
361,https://cdn.jsdelivr.net/gh/Faxey/Cat_Store/props/pet357.gif,屠龍鬥士,人形系,124,51,24,30,13,6,8,9~12,4~6,5~8,1~4,0~3,126.6~154.2,57.4~89.0,34.9~42.5,39.3~47.5,26.4~31.7,98.0~100.2,107.6~109.6,,攻擊、防禦
362,https://cdn.jsdelivr.net/gh/Faxey/Cat_Store/props/pet358.gif,皎月之靈,人形系,125,20,8,13,34,50,9,3~6,0~3,1~4,6~8,9~12,81.8~109.4,134.4~166.0,27.0~34.6,29.9~38.1,33.8~39.0,106.1~108.3,100.9~102.9,,攻擊、防禦
363,https://cdn.jsdelivr.net/gh/Faxey/Cat_Store/props/pet359.gif,暗月之靈,人形系,125,29,50,12,26,8,9,5~7,9~12,1~4,4~7,0~3,99.2~126.8,65.4~97.0,47.8~55.5,30.0~38.2,31.5~36.8,98.1~100.3,105.4~107.4,,攻擊、防禦
364,https://cdn.jsdelivr.net/gh/Faxey/Cat_Store/props/pet360.gif,月宮之靈,人形系,124,22,9,43,9,41,8,3~6,1~3,7~10,1~3,7~10,86.6~114.2,119.2~150.8,27.5~35.2,46.2~54.4,24.9~30.1,106.2~108.4,100.2~102.1,,攻擊、防禦
365,https://cdn.jsdelivr.net/gh/Faxey/Cat_Store/props/pet361.gif,水月之靈,人形系,124,41,9,22,9,43,8,7~10,1~3,3~6,1~3,7~10,104.8~132.4,118.6~150.2,27.1~34.8,34.4~42.6,24.4~29.7,104.5~106.7,103.5~105.5,,攻擊、防禦
366,https://cdn.jsdelivr.net/gh/Faxey/Cat_Store/props/pet362.gif,猩紅之月,人形系,124,22,43,9,41,9,8,3~6,7~10,1~3,7~10,1~3,92.6~120.2,68.0~99.6,44.5~52.2,28.5~36.7,37.0~42.3,98.4~100.6,104.7~106.7,,攻擊、防禦
367,https://cdn.jsdelivr.net/gh/Faxey/Cat_Store/props/pet363.gif,風月之靈,人形系,124,9,41,22,43,9,8,1~3,7~10,3~6,7~10,1~3,80.0~107.6,70.6~102.2,43.8~51.5,35.8~44.0,38.0~43.3,99.7~101.9,102.4~104.4,,攻擊、防禦
368,https://cdn.jsdelivr.net/gh/Faxey/Cat_Store/props/pet364.gif,愛絲精靈,人形系,125,52,30,17,18,8,8,9~12,5~8,2~5,2~5,0~3,126.2~153.8,60.8~92.4,37.7~45.4,32.3~40.5,28.2~33.5,97.5~99.7,108.3~110.2,,攻擊 防禦
369,https://cdn.jsdelivr.net/gh/Faxey/Cat_Store/props/pet365.gif,絲諾精靈,人形系,125,30,52,17,18,8,8,5~8,9~12,2~5,2~5,0~3,99.8~127.4,65.2~96.8,48.7~56.4,32.7~40.9,28.6~33.9,98.4~100.6,105.2~107.1,,攻擊 防禦
370,https://cdn.jsdelivr.net/gh/Faxey/Cat_Store/props/pet366.gif,聖誕精靈,人形系,125,14,42,14,47,8,8,2~4,7~10,2~4,8~11,0~3,85.8~113.4,68.4~100.0,44.3~51.9,31.4~39.6,39.4~44.7,98.8~101.0,103.6~105.6,,攻擊 防禦
371,https://cdn.jsdelivr.net/gh/Faxey/Cat_Store/props/pet367.gif,雪兒精靈,人形系,125,14,8,14,42,47,8,2~4,0~3,2~4,7~10,8~11,77.0~104.6,130.8~162.4,27.2~34.8,30.6~38.8,36.8~42.1,105.8~108.0,100.4~102.4,,攻擊 防禦
372,https://cdn.jsdelivr.net/gh/Faxey/Cat_Store/props/pet368.gif,露比,人形系,120,12,18,12,39,39,7,1~4,2~5,1~4,7~9,7~9,73.2~100.8,116.4~148.0,31.9~39.5,29.5~37.7,35.7~41.0,104.5~106.7,100.7~102.7,,攻擊 防禦
373,https://cdn.jsdelivr.net/gh/Faxey/Cat_Store/props/pet369.gif,魅影露比,人形系,125,17,6,10,42,50,9,2~5,0~3,1~4,7~10,9~12,79.2~106.8,135.0~166.6,26.1~33.7,28.4~36.6,36.7~42.0,106.0~108.2,100.8~102.7,,攻擊 防禦
374,https://cdn.jsdelivr.net/gh/Faxey/Cat_Store/props/pet370.gif,毆茲那克,人形系,120,28,36,19,19,18,0,4~7,6~9,3~5,3~5,2~5,94.0~121.6,79.6~111.2,40.6~48.3,33.3~41.5,28.6~33.9,100.5~102.7,103.9~105.9,,攻擊 防禦
375,https://cdn.jsdelivr.net/gh/Faxey/Cat_Store/props/pet371.gif,熊霸毆茲那克,人形系,125,50,37,12,20,6,7,9~12,6~9,1~4,3~6,0~3,123.6~151.2,58.0~89.6,41.2~48.8,29.7~37.9,29.0~34.3,96.9~99.1,108.4~110.3,,攻擊 防禦
376,https://cdn.jsdelivr.net/gh/Faxey/Cat_Store/props/pet372.gif,歐茲尼克,人形系,120,21,36,13,28,22,9,3~6,6~9,1~4,4~7,3~6,85.4~113.0,87.4~119.0,40.7~48.3,30.2~38.4,31.9~37.2,101.1~103.3,103.1~105.0,,攻擊 防禦
377,https://cdn.jsdelivr.net/gh/Faxey/Cat_Store/props/pet373.gif,煞氣歐茲尼克,人形系,125,14,50,12,43,6,0,2~4,9~12,1~4,7~10,0~3,85.0~112.6,65.2~96.8,48.1~55.8,30.4~38.6,38.0~43.3,98.3~100.5,103.8~105.8,,攻擊 防禦 氣功彈-I
378,https://cdn.jsdelivr.net/gh/Faxey/Cat_Store/props/pet374.gif,火焰牛頭怪,人形系,120,16,30,20,32,22,7,,,,,,,,,,,,,火6風4,攻擊 防禦
379,https://cdn.jsdelivr.net/gh/Faxey/Cat_Store/props/pet375.gif,煉獄牛頭怪,人形系,125,41,6,16,19,43,9,,,,,,,,,,,,,火6風4,攻擊 防禦
380,https://cdn.jsdelivr.net/gh/Faxey/Cat_Store/props/pet376.gif,艾兒卡絲,人形系,125,42,6,20,17,40,9,,,,,,,,,,,,,地6水4,攻擊 防禦
386,https://files.originmood.com/pic/7fd53469e896a57ba33b04e23ccfc033/picture/a89960c2e05b52e138be528b08ffbd73.gif,碧角口袋龍,龍系,125,12,40,13,18,42,8,,,,,,,,,,,,,地7風3,攻擊 防禦
387,https://files.originmood.com/pic/7fd53469e896a57ba33b04e23ccfc033/picture/da41e105d22ea3cccd27309e8d980634.gif,綠帽哥布林,人形系,125,29,41,23,21,11,8,,,,,,,,,,,,,地8水2,攻擊 防禦
388,https://files.originmood.com/pic/7fd53469e896a57ba33b04e23ccfc033/picture/356f12efdcfab83c8d42cbee28994d25.gif,天然寶石鼠,野獸系,125,12,12,17,39,45,8,,,,,,,,,,,,,風10,攻擊 防禦
389,https://files.originmood.com/pic/7fd53469e896a57ba33b04e23ccfc033/picture/aa8d308b1a63d374ffde21466477f9ac.gif,強盾守護,金屬系,125,36,33,30,13,13,8,,,,,,,,,,,,,水2火8,攻擊 防禦
390,https://files.originmood.com/pic/7fd53469e896a57ba33b04e23ccfc033/picture/4a28a7d6fcff8e494ed97f2c989a5abd.gif,逆刃死灰,昆蟲系,125,40,42,16,14,13,8,,,,,,,,,,,,,地1水9,攻擊 防禦
391,https://files.originmood.com/pic/7fd53469e896a57ba33b04e23ccfc033/picture/285b7840b9c80164040b79c9bbaf551d.gif,天空元素使,特殊系,125,17,4,4,50,50,9,,,,,,,,,,,,,風10,攻擊 防禦 時空繚殺亂
392,https://files.originmood.com/pic/7fd53469e896a57ba33b04e23ccfc033/picture/f75d9e9540b0ed05d0bbe8dac4ca5f87.gif,地獄魔王,飛行系,120,23,33,20,27,17,7,,,,,,,,,,,,,水10,攻擊 防禦
393,https://files.originmood.com/pic/7fd53469e896a57ba33b04e23ccfc033/picture/f75d9e9540b0ed05d0bbe8dac4ca5f87.gif,魔王撒旦,飛行系,125,16,48,11,44,6,9,,,,,,,,,,,,,水10,攻擊 防禦 魔刃斬
394,https://files.originmood.com/pic/7fd53469e896a57ba33b04e23ccfc033/picture/95d45d95ea3da200d98e50c33c3180bc.gif,赤炎假面,不死系,125,31,10,22,19,43,8,,,,,,,,,,,,,火10,攻擊 防禦
395,https://files.originmood.com/pic/7fd53469e896a57ba33b04e23ccfc033/picture/814c214ebe8dd70b0d8f4372e5a84139.gif,巨斧假面,不死系,125,36,39,21,19,10,8,,,,,,,,,,,,,火9風1,攻擊 防禦
396,https://files.originmood.com/pic/7fd53469e896a57ba33b04e23ccfc033/picture/7577a5b6c1919fd457a9bb824fc95689.gif,炎精靈,特殊系,125,19,45,12,43,6,8,,,,,,,,,,,,,火10,攻擊 防禦
397,https://files.originmood.com/pic/7fd53469e896a57ba33b04e23ccfc033/picture/2bd9c231b4e22be5c715396e8454a730.gif,烈焰元素使,特殊系,125,17,50,4,50,4,9,,,,,,,,,,,,,火10,攻擊 防禦 烈日突
398,https://files.originmood.com/pic/7fd53469e896a57ba33b04e23ccfc033/picture/22f7f51f198bf01b5c7057801d7f9f6c.gif,天狼星,野獸系,125,22,39,15,33,16,8,,,,,,,,,,,,,地10,攻擊 防禦
399,https://files.originmood.com/pic/7fd53469e896a57ba33b04e23ccfc033/picture/1a3367c23edf7ebb6fd00eb2e239f55f.gif,綠沼泥,特殊系,120,31,19,37,13,20,8,,,,,,,,,,,,,地5風5,攻擊 防禦
400,https://files.originmood.com/pic/7fd53469e896a57ba33b04e23ccfc033/picture/5b503f7e7c496bf9954394eb5b788282.gif,岩鐵怪,特殊系,120,13,33,22,17,35,8,,,,,,,,,,,,,火9風1,攻擊 防禦
401,https://files.originmood.com/pic/7fd53469e896a57ba33b04e23ccfc033/picture/2b28fc03cefd3f115a6f7150ba20bde1.gif,深綠蝙蝠,飛行系,120,23,31,21,27,18,8,,,,,,,,,,,,,地7風3,攻擊 防禦
402,https://files.originmood.com/pic/7fd53469e896a57ba33b04e23ccfc033/picture/e2e3f90f32fa1039a4d4b75f54a4cbab.gif,檸檬蝙蝠,飛行系,120,22,33,21,24,20,8,,,,,,,,,,,,,風8地2,攻擊 防禦
403,https://files.originmood.com/pic/7fd53469e896a57ba33b04e23ccfc033/picture/556dcb41afc8355a8c2e673c1fd67719.gif,鑽石蟲,金屬系,120,11,21,38,17,33,8,,,,,,,,,,,,,地5風5,攻擊 防禦
404,https://files.originmood.com/pic/7fd53469e896a57ba33b04e23ccfc033/picture/a5ccece37c286cc972f49a2096c908a0.gif,黑曜蟲,金屬系,120,17,21,40,9,33,8,,,,,,,,,,,,,地7風3,攻擊 防禦
405,https://files.originmood.com/pic/7fd53469e896a57ba33b04e23ccfc033/picture/78da4970806221c76a28d79b4b91fded.gif,靴怪精靈,特殊系,120,9,19,23,34,35,8,,,,,,,,,,,,,地3風3,攻擊 防禦
406,https://files.originmood.com/pic/7fd53469e896a57ba33b04e23ccfc033/picture/31dfaf62bd804041801e7cacb6033452.gif,冰靴精靈,特殊系,120,9,19,34,23,35,8,,,,,,,,,,,,,地3水7,攻擊 防禦
407,https://files.originmood.com/pic/7fd53469e896a57ba33b04e23ccfc033/picture/8e65aad0ae6e51c2c154349ac7336505.gif,風甲蜥蜴,金屬系,125,35,34,32,12,12,8,,,,,,,,,,,,,風8地2,攻擊 防禦
408,https://files.originmood.com/pic/7fd53469e896a57ba33b04e23ccfc033/picture/e2c9c3f9a4f27660ba435aebb3fa5f54.gif,死亡騎士,金屬系,120,24,16,24,16,40,7,,,,,,,,,,,,,風10,攻擊 防禦
409,https://files.originmood.com/pic/7fd53469e896a57ba33b04e23ccfc033/picture/e2c9c3f9a4f27660ba435aebb3fa5f54.gif,凱法,金屬系,125,41,6,12,20,46,9,,,,,,,,,,,,,風10,攻擊 防禦
410,https://files.originmood.com/pic/7fd53469e896a57ba33b04e23ccfc033/picture/be7e301b1065765b23fd4d390ce72fa2.gif,猩紅騎士,金屬系,120,21,36,13,28,22,7,,,,,,,,,,,,,火10,攻擊 防禦
411,https://files.originmood.com/pic/7fd53469e896a57ba33b04e23ccfc033/picture/be7e301b1065765b23fd4d390ce72fa2.gif,帕布提斯馬,金屬系,125,50,30,16,26,6,9,,,,,,,,,,,,,火10,攻擊 防禦
412,https://files.originmood.com/pic/7fd53469e896a57ba33b04e23ccfc033/picture/891de0238358daec5781b316d0badd10.gif,舞動花妖,植物系,120,36,12,17,16,39,8,,,,,,,,,,,,,水5火5,攻擊 防禦
413,https://files.originmood.com/pic/7fd53469e896a57ba33b04e23ccfc033/picture/abb0302dda19409b3e324e58839bed5b.gif,木精靈,特殊系,125,45,6,19,12,43,8,,,,,,,,,,,,,地10,攻擊 防禦
414,https://files.originmood.com/pic/7fd53469e896a57ba33b04e23ccfc033/picture/07d4c5c7ecc09023378fe28bc9d30b27.gif,大地元素使,特殊系,125,50,4,17,4,50,9,,,,,,,,,,,,,地10,攻擊 防禦 大地禁錮
415,https://files.originmood.com/pic/7fd53469e896a57ba33b04e23ccfc033/picture/396559949517a3fb85378302871b636e.gif,光精靈,特殊系,125,19,6,12,45,43,8,,,,,,,,,,,,,風10,攻擊 防禦
416,https://files.originmood.com/pic/7fd53469e896a57ba33b04e23ccfc033/picture/b5ff7a53edae664e8ebbc115af36f208.gif,冰精靈,特殊系,125,43,45,12,19,6,8,,,,,,,,,,,,,水10,攻擊 防禦
417,https://files.originmood.com/pic/7fd53469e896a57ba33b04e23ccfc033/picture/39b48a5c7ef0ec9bc523c2f8186c0c8d.gif,大地巨龍,龍系,120,29,22,24,13,32,7,,,,,,,,,,,,,地10,攻擊 防禦
418,https://files.originmood.com/pic/7fd53469e896a57ba33b04e23ccfc033/picture/39b48a5c7ef0ec9bc523c2f8186c0c8d.gif,失翼之龍杜瓦,龍系,125,40,6,10,19,50,9,,,,,,,,,,,,,地10,攻擊 防禦
419,https://files.originmood.com/pic/7fd53469e896a57ba33b04e23ccfc033/picture/cdde22c91c406afc82a1af3030ee15aa.gif,月兔卜樂,飛行系,125,14,24,16,37,34,8,,,,,,,,,,,,,風10,攻擊 防禦
420,https://files.originmood.com/pic/7fd53469e896a57ba33b04e23ccfc033/picture/edc6b20a51a45294728d19bbe6235fbc.gif,廣寒仙兔,飛行系,125,12,8,13,47,45,8,,,,,,,,,,,,,風10,攻擊 防禦
421,https://files.originmood.com/pic/7fd53469e896a57ba33b04e23ccfc033/picture/76214706d0f01a75809bda1b64021bf1.gif,綠茶麻薯兔兔,特殊系,123,21,9,33,20,40,8,,,,,,,,,,,,,地9風1,攻擊 防禦
422,https://files.originmood.com/pic/7fd53469e896a57ba33b04e23ccfc033/picture/525124f3007c94660974df14eae29da2.gif,芋泥麻薯兔兔,特殊系,123,33,9,20,21,40,8,,,,,,,,,,,,,地1水9,攻擊 防禦
423,https://files.originmood.com/pic/7fd53469e896a57ba33b04e23ccfc033/picture/3f915be45a8a994b13c24acf8042ce0a.gif,紅豆麻薯兔兔,特殊系,123,33,40,20,21,9,8,,,,,,,,,,,,,水1火9,攻擊 防禦
424,https://files.originmood.com/pic/7fd53469e896a57ba33b04e23ccfc033/picture/d8de23d9435895201af86ec944315c38.gif,花生麻薯兔兔,特殊系,123,40,33,21,20,9,8,,,,,,,,,,,,,火1風9,攻擊 防禦
425,https://files.originmood.com/pic/7fd53469e896a57ba33b04e23ccfc033/picture/82a5e85dd2dc7830aff1469d3c85710c.gif,白櫻麻薯兔兔,特殊系,125,42,45,12,20,6,8,,,,,,,,,,,,,水10,攻擊 防禦
426,https://files.originmood.com/pic/7fd53469e896a57ba33b04e23ccfc033/picture/845533572409850951e4baa97e616a97.gif,黑醬麻薯兔兔,特殊系,125,42,6,12,20,45,8,,,,,,,,,,,,,地10,攻擊 防禦
427,https://files.originmood.com/pic/7fd53469e896a57ba33b04e23ccfc033/picture/1179a6e53d057747e61e21dfc8761f24.gif,曜玉金鵷,飛行系,125,23,6,10,46,40,8,,,,,,,,,,,,,火10,攻擊 防禦
428,https://files.originmood.com/pic/7fd53469e896a57ba33b04e23ccfc033/picture/621fce6717710309c57c7448f5aa6875.gif,雛鳳,飛行系,125,37,6,13,24,45,8,,,,,,,,,,,,,水10,攻擊 防禦
429,https://files.originmood.com/pic/7fd53469e896a57ba33b04e23ccfc033/picture/8813230ccf4814e81cf9e2265927189a.gif,暗影鳥人,人形系,125,15,8,16,44,42,8,,,,,,,,,,,,,地5風5,攻擊 防禦
430,https://files.originmood.com/pic/7fd53469e896a57ba33b04e23ccfc033/picture/25a679e717f5ff7ec19e506ed964b76f.gif,魔法師之鬼,不死系,120,17,12,16,28,47,6,,,,,,,,,,,,,地10,攻擊 防禦
431,https://files.originmood.com/pic/7fd53469e896a57ba33b04e23ccfc033/picture/ab99f3092165365035314d095da6f656.gif,巫師之鬼,不死系,120,16,31,17,40,16,6,,,,,,,,,,,,,風10,攻擊 防禦
432,https://files.originmood.com/pic/7fd53469e896a57ba33b04e23ccfc033/picture/28654c5990bb5523301727c554225c87.gif,卡爾克,不死系,120,12,45,20,26,17,6,,,,,,,,,,,,,水2火8,攻擊 防禦
433,https://files.originmood.com/pic/7fd53469e896a57ba33b04e23ccfc033/picture/4d0f8b0cff295905cab8f211e6e63ba5.gif,卡卡特,不死系,120,20,43,18,27,12,6,,,,,,,,,,,,,地2水8,攻擊 防禦
434,https://files.originmood.com/pic/7fd53469e896a57ba33b04e23ccfc033/picture/25a679e717f5ff7ec19e506ed964b76f.gif,魔導師之魂,不死系,125,18,10,14,34,49,8,,,,,,,,,,,,,地10,攻擊 防禦
435,https://files.originmood.com/pic/7fd53469e896a57ba33b04e23ccfc033/picture/ab99f3092165365035314d095da6f656.gif,巫妖王之魂,不死系,125,26,31,14,44,10,8,,,,,,,,,,,,,風10,攻擊 防禦
436,https://files.originmood.com/pic/7fd53469e896a57ba33b04e23ccfc033/picture/28654c5990bb5523301727c554225c87.gif,血魔之棺,不死系,125,23,49,17,26,10,8,,,,,,,,,,,,,水2火8,攻擊 防禦
437,https://files.originmood.com/pic/7fd53469e896a57ba33b04e23ccfc033/picture/4d0f8b0cff295905cab8f211e6e63ba5.gif,白銀之棺,不死系,125,33,10,16,21,45,8,,,,,,,,,,,,,地2水8,攻擊 防禦
438,https://files.originmood.com/pic/7fd53469e896a57ba33b04e23ccfc033/picture/d3e97400b1b24485e91c8d3dc7ae9764.gif,寒冰牛頭怪,人形系,120,26,31,24,21,18,7,,,,,,,,,,,,,水9火1,攻擊 防禦
439,https://files.originmood.com/pic/7fd53469e896a57ba33b04e23ccfc033/picture/d3e97400b1b24485e91c8d3dc7ae9764.gif,寒冰牛魔王,人形系,125,15,47,12,45,6,9,,,,,,,,,,,,,水9火1,攻擊 防禦
440,https://files.originmood.com/pic/7fd53469e896a57ba33b04e23ccfc033/picture/17fd19598ced3708ca68fdd582ffaccb.gif,布卡,特殊系,123,25,21,16,35,26,8,,,,,,,,,,,,,地8水2,攻擊 防禦
441,https://files.originmood.com/pic/7fd53469e896a57ba33b04e23ccfc033/picture/9baadc79495671c6d07c5969d09b9870.gif,寄生布卡,特殊系,123,25,16,21,26,35,8,,,,,,,,,,,,,水8火2,攻擊 防禦
442,https://files.originmood.com/pic/7fd53469e896a57ba33b04e23ccfc033/picture/f7c8018c339d634374a2d573331751de.gif,樹精布卡,特殊系,123,25,26,21,35,16,8,,,,,,,,,,,,,火8風2,攻擊 防禦
443,https://files.originmood.com/pic/7fd53469e896a57ba33b04e23ccfc033/picture/398abaf98bdbf8e7eb5d851ad98e6c6c.gif,布卡四重奏,特殊系,125,17,6,17,43,42,8,,,,,,,,,,,,,地9水1,攻擊 防禦
444,https://files.originmood.com/pic/7fd53469e896a57ba33b04e23ccfc033/picture/ded5099daff19ef0ba5c62eaeddbf1e5.gif,陣,特殊系,125,17,6,17,42,43,8,,,,,,,,,,,,,水9火1,攻擊 防禦
445,https://files.originmood.com/pic/7fd53469e896a57ba33b04e23ccfc033/picture/463a7a947b3442adbb338dd7cad7d594.gif,連,特殊系,125,42,17,17,43,6,8,,,,,,,,,,,,,火9風1,攻擊 防禦
446,https://files.originmood.com/pic/7fd53469e896a57ba33b04e23ccfc033/picture/9170d79b56b527947779e51d4804d37f.gif,格陵蘭虎鯊,飛行系,120,19,13,15,42,31,7,,,,,,,,,,,,,地9風1,攻擊 防禦
447,https://files.originmood.com/pic/7fd53469e896a57ba33b04e23ccfc033/picture/eddecf757a9b38abab14280afecad2db.gif,北海響尾鯊,飛行系,120,42,31,15,19,13,7,,,,,,,,,,,,,水9地1,攻擊 防禦
448,https://files.originmood.com/pic/7fd53469e896a57ba33b04e23ccfc033/picture/e9e61e28cb679e47953abeae1717385f.gif,純白精靈箱,金屬系,125,17,6,12,40,50,8,,,,,,,,,,,,,地5風5,攻擊 防禦
449,https://files.originmood.com/pic/7fd53469e896a57ba33b04e23ccfc033/picture/4acdc081e9b654c91de94c6eaa4d8d54.gif,藍魔精靈箱,金屬系,125,47,34,17,18,9,8,,,,,,,,,,,,,水8火2,攻擊 防禦
450,https://files.originmood.com/pic/7fd53469e896a57ba33b04e23ccfc033/picture/d7e74866f8aa4bd9e9867db7b49aef36.gif,紅魔精靈箱,金屬系,125,34,9,17,18,47,8,,,,,,,,,,,,,水2火8,攻擊 防禦
451,https://files.originmood.com/pic/7fd53469e896a57ba33b04e23ccfc033/picture/b8313ab6af5e485700c5a77e457822f0.gif,兔耳精靈箱,金屬系,125,19,6,12,40,48,8,,,,,,,,,,,,,水2火8,攻擊 防禦
452,https://files.originmood.com/pic/7fd53469e896a57ba33b04e23ccfc033/picture/125502c6fb62a9d2bf80e2a4d59e7aae.gif,嚇人精靈箱,金屬系,125,34,47,17,18,9,8,,,,,,,,,,,,,水2風8,攻擊 防禦
453,https://files.originmood.com/pic/7fd53469e896a57ba33b04e23ccfc033/picture/d3dcb2960041334e0cd5a689b642d5a2.gif,綠蛙精靈箱,金屬系,125,18,9,34,17,47,8,,,,,,,,,,,,,地8風2,攻擊 防禦
454,https://files.originmood.com/pic/7fd53469e896a57ba33b04e23ccfc033/picture/584ff8248da0cf897efb0ecf8f5a423b.gif,地獄亡靈,飛行系,125,22,24,13,35,26,7,,,,,,,,,,,,,地2水8,攻擊 防禦
455,https://files.originmood.com/pic/7fd53469e896a57ba33b04e23ccfc033/picture/584ff8248da0cf897efb0ecf8f5a423b.gif,地獄惡魔,飛行系,125,11,6,17,43,48,9,,,,,,,,,,,,,地2水8,攻擊 防禦
456,https://files.originmood.com/pic/7fd53469e896a57ba33b04e23ccfc033/picture/baaf5640c2874b4b85bfd185a60a6ec9.gif,暴走霸王,金屬系,125,17,44,12,46,6,8,,,,,,,,,,,,,火10,攻擊 防禦
457,https://files.originmood.com/pic/7fd53469e896a57ba33b04e23ccfc033/picture/11bcfaaa239c1bbcc1748099093c540d.gif,毒刺魔鴨,金屬系,123,38,9,13,19,44,8,,,,,,,,,,,,,地10,攻擊 防禦
458,https://files.originmood.com/pic/7fd53469e896a57ba33b04e23ccfc033/picture/1dbb7d70c51cc372ef012e629c5ba787.gif,水藍魔鴨,金屬系,123,38,44,13,19,9,8,,,,,,,,,,,,,水10,攻擊 防禦
459,https://files.originmood.com/pic/7fd53469e896a57ba33b04e23ccfc033/picture/8faf455146e32417b38f33643d2d1a86.gif,赤目魔鴨,金屬系,123,44,19,13,38,9,8,,,,,,,,,,,,,火10,攻擊 防禦
460,https://files.originmood.com/pic/7fd53469e896a57ba33b04e23ccfc033/picture/1e31ad6af567cdfab25737e16e7fd10b.gif,披甲魔鴨,金屬系,123,19,38,13,44,9,8,,,,,,,,,,,,,風10,攻擊 防禦
461,https://files.originmood.com/pic/7fd53469e896a57ba33b04e23ccfc033/picture/1191d448f3d60b5c799ad3d8b013a72b.gif,暴走使徒,金屬系,125,16,6,15,42,46,9,,,,,,,,,,,,,水10,攻擊 防禦 魔力汲取
462,https://files.originmood.com/pic/7fd53469e896a57ba33b04e23ccfc033/picture/5b16848eab13b71387d23e096611f66b.gif,雷霆幻獸,野獸系,125,17,43,6,47,12,9,,,,,,,,,,,,,風10,攻擊 防禦 迅雷衝擊
463,https://files.originmood.com/pic/7fd53469e896a57ba33b04e23ccfc033/picture/7136045fec2b627f12869f886f1679fc.gif,蟲毒魔蟹,金屬系,125,12,30,32,6,45,9,,,,,,,,,,,,,水5火5,攻擊 防禦 蟹毒蟲瘴
464,https://files.originmood.com/pic/7fd53469e896a57ba33b04e23ccfc033/picture/763855d75fb392e6f249c5fcf5bf9277.gif,巴洛斯,人形系,125,33,19,34,23,16,8,,,,,,,,,,,,,地8水2,攻擊 防禦
465,https://files.originmood.com/pic/7fd53469e896a57ba33b04e23ccfc033/picture/a754c04ca8618521614bd936366b7381.gif,邪神巴洛斯,人形系,125,43,27,32,15,8,8,,,,,,,,,,,,,地10,攻擊 防禦 強力混亂魔法Lv3
466,https://files.originmood.com/pic/7fd53469e896a57ba33b04e23ccfc033/picture/90787c3a96b50e6e02aa000166721448.png,阿卡斯,人形系,125,25,17,34,17,32,8,,,,,,,,,,,,,水2火8,攻擊 防禦
467,https://files.originmood.com/pic/7fd53469e896a57ba33b04e23ccfc033/picture/577af6d8b7439d7a065860fa532dbaa2.gif,狂魔阿卡斯,人形系,125,19,6,33,20,47,8,,,,,,,,,,,,,火10,攻擊 防禦 強力石化魔法Lv3
468,https://files.originmood.com/pic/7fd53469e896a57ba33b04e23ccfc033/picture/49dd15bc751fc8076af6349e2fdfe320.gif,李貝留斯,人形系,125,17,18,27,23,40,8,,,,,,,,,,,,,地5風5,攻擊 防禦
469,https://files.originmood.com/pic/7fd53469e896a57ba33b04e23ccfc033/picture/a25f167f51635d8aaa266e8b8c1572b2.gif,軍王李貝留斯,人形系,125,14,8,13,43,47,8,,,,,,,,,,,,,地5風5,攻擊 防禦 吸血魔法Lv6
470,https://files.originmood.com/pic/7fd53469e896a57ba33b04e23ccfc033/picture/38d681465b1630920a3002b405076e5e.gif,佛利波羅,人形系,120,26,30,30,22,12,8,,,,,,,,,,,,,地5水5,攻擊 防禦
471,https://files.originmood.com/pic/7fd53469e896a57ba33b04e23ccfc033/picture/4f446553d064df8db2f37c5a489f9860.gif,魔化佛利波羅,人形系,125,37,43,21,18,6,9,,,,,,,,,,,,,地9水1,攻擊 防禦 嗜血攻擊
472,https://files.originmood.com/pic/7fd53469e896a57ba33b04e23ccfc033/picture/a8cecd24b834a48fb989f7d2b62e7322.gif,翼龍,龍系,125,32,30,26,19,18,6,,,,,,,,,,,,,水5火5,攻擊 防禦
473,https://files.originmood.com/pic/7fd53469e896a57ba33b04e23ccfc033/picture/a8cecd24b834a48fb989f7d2b62e7322.gif,神聖翼龍,龍系,125,16,6,14,43,46,9,,,,,,,,,,,,,水5火5,攻擊 防禦
474,https://files.originmood.com/pic/7fd53469e896a57ba33b04e23ccfc033/picture/4305a46416009e371f293164583caf07.gif,無頭將軍,金屬系,120,34,27,26,13,20,8,,,,,,,,,,,,,地9風1,攻擊 防禦
475,https://files.originmood.com/pic/7fd53469e896a57ba33b04e23ccfc033/picture/4305a46416009e371f293164583caf07.gif,沙海將軍,金屬系,125,45,41,12,19,8,9,,,,,,,,,,,,,地9風1,攻擊 防禦
476,https://files.originmood.com/pic/7fd53469e896a57ba33b04e23ccfc033/picture/24f3632b8f13782cd9766253f133a14f.gif,暗裔龍祖,龍系,125,20,47,13,38,7,8,,,,,,,,,,,,,地5風5,攻擊 防禦 氣功彈-I
477,https://files.originmood.com/pic/7fd53469e896a57ba33b04e23ccfc033/picture/05f46cccf0871b5035868d99a82fb1d4.gif,甜心炸彈,特殊系,125,15,8,18,34,50,8,,,,,,,,,,,,,水5火5,攻擊 防禦 強力中毒魔法Lv3
478,https://files.originmood.com/pic/7fd53469e896a57ba33b04e23ccfc033/picture/cd53e5778f73c304273b07fbe62d8f67.gif,梅茲,人形系,120,25,29,14,32,20,7,,,,,,,,,,,,,火5風5,攻擊 防禦
479,https://files.originmood.com/pic/7fd53469e896a57ba33b04e23ccfc033/picture/cd53e5778f73c304273b07fbe62d8f67.gif,忍王梅茲,人形系,125,24,45,4,46,6,9,,,,,,,,,,,,,火5風5,攻擊 防禦
480,https://files.originmood.com/pic/7fd53469e896a57ba33b04e23ccfc033/picture/ada61c736b64529d8811c139bfc958dc.gif,龍骨,不死系,124,32,35,20,21,16,8,,,,,,,,,,,,,地8風2,攻擊 防禦
481,https://files.originmood.com/pic/7fd53469e896a57ba33b04e23ccfc033/picture/8dd32b100a4e5e5566b7553f82af330d.gif,暗黑龍骨,不死系,124,30,16,27,14,37,8,,,,,,,,,,,,,地3水7,攻擊 防禦
482,https://files.originmood.com/pic/7fd53469e896a57ba33b04e23ccfc033/picture/e9f70ebcae54520e40216fb685a27f94.gif,玄翼暴龍,不死系,125,40,40,14,21,10,8,,,,,,,,,,,,,地9風1,攻擊 防禦
483,https://files.originmood.com/pic/7fd53469e896a57ba33b04e23ccfc033/picture/d58bf486c578abd89ca798581f0ee043.gif,闇影魔龍,不死系,125,35,10,16,24,40,8,,,,,,,,,,,,,地2水8,攻擊 防禦
484,https://files.originmood.com/pic/7fd53469e896a57ba33b04e23ccfc033/picture/d8c3cda9f4ae84cc7cc46aac672de0c2.gif,斧頭幫千軍,人形系,125,31,49,20,19,6,8,,,,,,,,,,,,,水2火8,攻擊 防禦
485,https://files.originmood.com/pic/7fd53469e896a57ba33b04e23ccfc033/picture/28a6a3388c7a0178f3f32bd90490a7a3.gif,斧頭幫萬馬,人形系,125,38,8,19,18,42,8,,,,,,,,,,,,,地5水5,攻擊 防禦
486,https://files.originmood.com/pic/7fd53469e896a57ba33b04e23ccfc033/picture/b428a2d2d738526b579344a2b2d29e38.gif,血腥魔刃,金屬系,125,14,6,31,34,40,8,,,,,,,,,,,,,地9水1,攻擊 防禦
487,https://files.originmood.com/pic/7fd53469e896a57ba33b04e23ccfc033/picture/8bd67fd568aae14c5812549ecd838a68.gif,碧月,金屬系,123,16,9,45,16,37,8,,,,,,,,,,,,,地8水2,攻擊 防禦
488,https://files.originmood.com/pic/7fd53469e896a57ba33b04e23ccfc033/picture/75631fe14d5076aca3bb795a0b576d14.gif,青月,金屬系,123,24,42,14,34,9,8,,,,,,,,,,,,,水8火2,攻擊 防禦
489,https://files.originmood.com/pic/7fd53469e896a57ba33b04e23ccfc033/picture/bde6b250cc56104198183bf139a213b8.gif,絳月,金屬系,123,26,33,16,39,9,8,,,,,,,,,,,,,火8風2,攻擊 防禦
490,https://files.originmood.com/pic/7fd53469e896a57ba33b04e23ccfc033/picture/fafdd42ca36167b6411aa6ce7a59ef84.gif,橙月,金屬系,123,34,36,30,14,9,8,,,,,,,,,,,,,風8地2,攻擊 防禦
491,https://files.originmood.com/pic/7fd53469e896a57ba33b04e23ccfc033/picture/54670962863aade7803ad2be13edffd4.gif,幽紫妖靈,不死系,125,19,11,23,33,39,8,,,,,,,,,,,,,水2火8,攻擊 防禦
492,https://files.originmood.com/pic/7fd53469e896a57ba33b04e23ccfc033/picture/a34aa5a357915378cde55ecfbd596f34.gif,獅面女神,不死系,123,33,14,22,19,35,8,,,,,,,,,,,,,地10,攻擊 防禦
493,https://files.originmood.com/pic/7fd53469e896a57ba33b04e23ccfc033/picture/ec92000cf3bfa9abd7a8035c07c077ca.gif,貓臉女神,不死系,123,42,37,12,18,14,8,,,,,,,,,,,,,水10,攻擊 防禦
494,https://files.originmood.com/pic/7fd53469e896a57ba33b04e23ccfc033/picture/ab91a9b65e957ea7110bd3d13c972d29.gif,貓隊長,不死系,123,35,42,17,19,10,8,,,,,,,,,,,,,火10,攻擊 防禦
495,https://files.originmood.com/pic/7fd53469e896a57ba33b04e23ccfc033/picture/b0f8116074a64f383b1b6fee0c7f7b8a.gif,惡夢貓,不死系,123,15,20,20,32,36,7,,,,,,,,,,,,,風10,攻擊 防禦
496,https://files.originmood.com/pic/7fd53469e896a57ba33b04e23ccfc033/picture/974ec11e610fb3bc780156fcd9cdb3ec.gif,福爾菲斯,不死系,123,14,40,12,18,39,8,,,,,,,,,,,,,火1風9,攻擊 防禦
497,https://files.originmood.com/pic/7fd53469e896a57ba33b04e23ccfc033/picture/e5da6aeb1a70176ae3a375c83f1abad0.gif,魔力小黃雞,飛行系,120,17,35,15,38,15,7,,,,,,,,,,,,,地2風8,攻擊 防禦
498,https://files.originmood.com/pic/7fd53469e896a57ba33b04e23ccfc033/picture/79edc75fe9c2536a636a46f8ead44c7d.gif,寶貝紫藍雞,飛行系,120,17,15,15,38,35,7,,,,,,,,,,,,,水8火2,攻擊 防禦
499,https://files.originmood.com/pic/7fd53469e896a57ba33b04e23ccfc033/picture/fd673105a02c066206741077700fb47e.gif,永恆熒光雞,飛行系,120,17,38,15,35,15,7,,,,,,,,,,,,,地8水2,攻擊 防禦
500,https://files.originmood.com/pic/7fd53469e896a57ba33b04e23ccfc033/picture/b030f6ba61c2cf0bd7654106e7e513ba.gif,初心粉紅雞,飛行系,120,17,15,15,35,38,7,,,,,,,,,,,,,火2風8,攻擊 防禦
501,https://files.originmood.com/pic/7fd53469e896a57ba33b04e23ccfc033/picture/5a837bf142e535afa24e83a5999f1933.gif,兔耳魔力小黃雞,飛行系,123,19,37,15,40,12,8,,,,,,,,,,,,,地2風8,攻擊 防禦
502,https://files.originmood.com/pic/7fd53469e896a57ba33b04e23ccfc033/picture/dda85a75a034c8ee08e73e71cb111be7.gif,兔耳寶貝紫藍雞,飛行系,123,19,12,15,40,37,8,,,,,,,,,,,,,水8火2,攻擊 防禦
503,https://files.originmood.com/pic/7fd53469e896a57ba33b04e23ccfc033/picture/d25ca8dd76306f494a95fcb4fdc9218a.gif,兔耳永恆熒光雞,飛行系,123,19,40,15,37,12,8,,,,,,,,,,,,,地8水2,攻擊 防禦
504,https://files.originmood.com/pic/7fd53469e896a57ba33b04e23ccfc033/picture/3fe731e69f25d8dfe48cb1ddab5fc49f.gif,兔耳初心粉紅雞,飛行系,123,19,12,15,37,40,8,,,,,,,,,,,,,火8風2,攻擊 防禦
505,https://files.originmood.com/pic/7fd53469e896a57ba33b04e23ccfc033/picture/5bd14348c9ab8c8c8235baba4974019c.gif,印第安魔力小雞,飛行系,125,19,39,15,42,10,8,,,,,,,,,,,,,地2風8,攻擊 防禦
506,https://files.originmood.com/pic/7fd53469e896a57ba33b04e23ccfc033/picture/c145bfcef723f9c6802eba5b4ad794b3.gif,大法官魔力小雞,飛行系,125,19,10,15,42,39,8,,,,,,,,,,,,,水8火2,攻擊 防禦
507,https://files.originmood.com/pic/7fd53469e896a57ba33b04e23ccfc033/picture/0a25e443e8dbec902d74ae3f7bd21502.gif,牛仔帽魔力小雞,飛行系,125,19,42,15,39,10,8,,,,,,,,,,,,,地8水2,攻擊 防禦
508,https://files.originmood.com/pic/7fd53469e896a57ba33b04e23ccfc033/picture/4705562a805487da328f234c44a6bd21.gif,紳士裝魔力小雞,飛行系,125,19,10,15,39,42,8,,,,,,,,,,,,,火8風2,攻擊 防禦
509,https://files.originmood.com/pic/7fd53469e896a57ba33b04e23ccfc033/picture/c08f0bd0dcf2281f825b95f8a80bf725.gif,週年慶禮盒地精靈,特殊系,120,18,18,48,18,18,8,,,,,,,,,,,,,地9水1,攻擊 防禦
510,https://files.originmood.com/pic/7fd53469e896a57ba33b04e23ccfc033/picture/89943c879d2781ece83710c8f90addf0.gif,週年慶禮盒水精靈,特殊系,120,18,18,18,18,48,8,,,,,,,,,,,,,水9火1,攻擊 防禦
511,https://files.originmood.com/pic/7fd53469e896a57ba33b04e23ccfc033/picture/00e12ef987ff74ae5164facc985fdca6.gif,週年慶禮盒火精靈,特殊系,120,18,48,18,18,18,8,,,,,,,,,,,,,火9風1,攻擊 防禦
512,https://files.originmood.com/pic/7fd53469e896a57ba33b04e23ccfc033/picture/b912d5e237a5f43a93a9479923718694.gif,週年慶禮盒風精靈,特殊系,120,18,18,18,48,18,8,,,,,,,,,,,,,風9地1,攻擊 防禦
513,https://files.originmood.com/pic/7fd53469e896a57ba33b04e23ccfc033/picture/dbb36c13c1a0061abf88c933a66606a6.gif,山隱仙靈,特殊系,125,21,10,13,37,44,8,,,,,,,,,,,,,地10,攻擊 防禦
514,https://files.originmood.com/pic/7fd53469e896a57ba33b04e23ccfc033/picture/226799d0c3ea5d4c201f766d1b17131c.gif,潮汐仙靈,特殊系,125,21,10,37,13,44,8,,,,,,,,,,,,,水10,攻擊 防禦
515,https://files.originmood.com/pic/7fd53469e896a57ba33b04e23ccfc033/picture/4b28798fc065f85eb9caead6eb45b33a.gif,焚炎仙靈,特殊系,125,37,10,13,21,44,8,,,,,,,,,,,,,火10,攻擊 防禦
516,https://files.originmood.com/pic/7fd53469e896a57ba33b04e23ccfc033/picture/db844b78397aee85984879846cde4798.gif,星輝仙靈,特殊系,125,50,6,15,6,48,9,,,,,,,,,,,,,水5火5,攻擊 防禦 復活魔法
517,https://files.originmood.com/pic/7fd53469e896a57ba33b04e23ccfc033/picture/8db9293afe7f28f70b7156fb38772ba4.gif,焦糖丸子炸彈,特殊系,125,12,21,13,32,47,8,,,,,,,,,,,,,風8地2,攻擊 防禦
518,https://files.originmood.com/pic/7fd53469e896a57ba33b04e23ccfc033/picture/f047596fdbb4e26753c630baf8d69663.gif,月獅,金屬系,123,30,32,13,26,22,8,,,,,,,,,,,,,風10,攻擊 防禦
519,https://files.originmood.com/pic/7fd53469e896a57ba33b04e23ccfc033/picture/5d20d2a9a1064a7635b6d530ebf53e0c.gif,雪獅,金屬系,123,36,32,18,24,13,8,,,,,,,,,,,,,水10,攻擊 防禦
520,https://files.originmood.com/pic/7fd53469e896a57ba33b04e23ccfc033/picture/5ca1042cc5699bf26a4b745ee7803e16.gif,蝕月炎獸,金屬系,125,43,6,16,18,42,8,,,,,,,,,,,,,風10,攻擊 防禦 強力昏睡魔法Lv3
521,https://files.originmood.com/pic/7fd53469e896a57ba33b04e23ccfc033/picture/13cde8a58f475d2d99ae992595802179.gif,暴雪魔獸,金屬系,125,50,40,12,17,6,8,,,,,,,,,,,,,水5火5,攻擊 防禦 氣功蛋1
,,,,,,,,,,,,,,,,,,,,,,,,
